{
    "$schema": "http://schema.management.azure.com/schemas/2015-01-01/deploymentTemplate.json#",
    "contentVersion": "1.0.0.0",
    "parameters": {
        "factoryName": {
            "type": "string",
            "metadata": "Data Factory name",
            "defaultValue": "covid-reporting-factory"
        },
        "dataFactory_location": {
            "type": "string",
            "defaultValue": "northeurope"
        },
        "dataFactory_identity_type": {
            "type": "string",
            "defaultValue": "SystemAssigned"
        }
    },
    "variables": {
        "factoryId": "[concat('Microsoft.DataFactory/factories/', parameters('factoryName'))]"
    },
    "resources": [
        {
            "name": "[parameters('factoryName')]",
            "type": "Microsoft.DataFactory/factories",
            "apiVersion": "2018-06-01",
            "properties": {},
            "dependsOn": [],
            "location": "[parameters('dataFactory_location')]",
            "identity": {
                "type": "[parameters('dataFactory_identity_type')]",
                "principalId": "dc27716a-0ceb-45e5-92af-a6339de3e18d",
                "tenantId": "e94e49a4-22e7-4f19-aa10-015b3223fca6"
            }
        }
    ]
}