{
    "$schema": "http://schema.management.azure.com/schemas/2015-01-01/deploymentTemplate.json#",
    "contentVersion": "1.0.0.0",
    "parameters": {
        "factoryName": {
            "type": "string",
            "metadata": "Data Factory name",
            "defaultValue": "covid-reporting-factory"
        },
        "ls_db_covidcluster_accessToken": {
            "type": "secureString",
            "metadata": "Secure string for 'accessToken' of 'ls_db_covidcluster'"
        },
        "ls_sql_covidDB_connectionString": {
            "type": "secureString",
            "metadata": "Secure string for 'connectionString' of 'ls_sql_covidDB'"
        },
        "ls_azblob_covidreportsa_connectionString": {
            "type": "secureString",
            "metadata": "Secure string for 'connectionString' of 'ls_azblob_covidreportsa'"
        },
        "ls_lake2_covidreportdl_accountKey": {
            "type": "secureString",
            "metadata": "Secure string for 'accountKey' of 'ls_lake2_covidreportdl'"
        },
        "ls_hdi_covidcluster_clusterPassword": {
            "type": "secureString",
            "metadata": "Secure string for 'clusterPassword' of 'ls_hdi_covidcluster'"
        },
        "ls_hdi_covidcluster_clusterSshPassword": {
            "type": "secureString",
            "metadata": "Secure string for 'clusterSshPassword' of 'ls_hdi_covidcluster'"
        },
        "ls_hdi_covidcluster_servicePrincipalKey": {
            "type": "secureString",
            "metadata": "Secure string for 'servicePrincipalKey' of 'ls_hdi_covidcluster'"
        },
        "ls_http_eurostat_properties_typeProperties_url": {
            "type": "string",
            "defaultValue": "https://ec.europa.eu"
        },
        "ls_lake2_covidreportdl_properties_typeProperties_url": {
            "type": "string",
            "defaultValue": "https://covidreportinglakesmall.dfs.core.windows.net"
        },
        "ls_http_opendata_ecdc_properties_typeProperties_url": {
            "type": "string",
            "defaultValue": "@{linkedService().SourceBaseURL}"
        },
        "ls_hdi_covidcluster_properties_typeProperties_hostSubscriptionId": {
            "type": "string",
            "defaultValue": "c8aee60f-2c14-456c-82b2-deb29e366b8f"
        },
        "ls_hdi_covidcluster_properties_typeProperties_clusterResourceGroup": {
            "type": "string",
            "defaultValue": "covid-reporting-rg"
        },
        "ls_hdi_covidcluster_properties_typeProperties_servicePrincipalId": {
            "type": "string",
            "defaultValue": "admin"
        },
        "ls_hdi_covidcluster_properties_typeProperties_tenant": {
            "type": "string",
            "defaultValue": "e94e49a4-22e7-4f19-aa10-015b3223fca6"
        }
    },
    "variables": {
        "factoryId": "[concat('Microsoft.DataFactory/factories/', parameters('factoryName'))]"
    },
    "resources": [
        {
            "name": "[concat(parameters('factoryName'), '/integrationRuntimeWithDebug')]",
            "type": "Microsoft.DataFactory/factories/integrationRuntimes",
            "apiVersion": "2018-06-01",
            "properties": {
                "type": "Managed",
                "typeProperties": {
                    "computeProperties": {
                        "location": "AutoResolve",
                        "dataFlowProperties": {
                            "computeType": "General",
                            "coreCount": 8,
                            "timeToLive": 10,
                            "cleanup": false
                        }
                    }
                }
            },
            "dependsOn": []
        },
        {
            "name": "[concat(parameters('factoryName'), '/ls_http_eurostat')]",
            "type": "Microsoft.DataFactory/factories/linkedServices",
            "apiVersion": "2018-06-01",
            "properties": {
                "annotations": [],
                "type": "HttpServer",
                "typeProperties": {
                    "url": "[parameters('ls_http_eurostat_properties_typeProperties_url')]",
                    "enableServerCertificateValidation": true,
                    "authenticationType": "Anonymous"
                }
            },
            "dependsOn": []
        },
        {
            "name": "[concat(parameters('factoryName'), '/ls_db_covidcluster')]",
            "type": "Microsoft.DataFactory/factories/linkedServices",
            "apiVersion": "2018-06-01",
            "properties": {
                "annotations": [],
                "type": "AzureDatabricks",
                "typeProperties": {
                    "domain": "https://adb-4659236365380353.13.azuredatabricks.net",
                    "accessToken": {
                        "type": "SecureString",
                        "value": "[parameters('ls_db_covidcluster_accessToken')]"
                    },
                    "existingClusterId": "0722-111038-fill8"
                }
            },
            "dependsOn": []
        },
        {
            "name": "[concat(parameters('factoryName'), '/ls_sql_covidDB')]",
            "type": "Microsoft.DataFactory/factories/linkedServices",
            "apiVersion": "2018-06-01",
            "properties": {
                "annotations": [],
                "type": "AzureSqlDatabase",
                "typeProperties": {
                    "connectionString": "[parameters('ls_sql_covidDB_connectionString')]"
                }
            },
            "dependsOn": []
        },
        {
            "name": "[concat(parameters('factoryName'), '/ls_azblob_covidreportsa')]",
            "type": "Microsoft.DataFactory/factories/linkedServices",
            "apiVersion": "2018-06-01",
            "properties": {
                "annotations": [],
                "type": "AzureBlobStorage",
                "typeProperties": {
                    "connectionString": "[parameters('ls_azblob_covidreportsa_connectionString')]"
                },
                "connectVia": {
                    "referenceName": "integrationRuntimeWithDebug",
                    "type": "IntegrationRuntimeReference"
                }
            },
            "dependsOn": [
                "[concat(variables('factoryId'), '/integrationRuntimes/integrationRuntimeWithDebug')]"
            ]
        },
        {
            "name": "[concat(parameters('factoryName'), '/ls_lake2_covidreportdl')]",
            "type": "Microsoft.DataFactory/factories/linkedServices",
            "apiVersion": "2018-06-01",
            "properties": {
                "annotations": [],
                "type": "AzureBlobFS",
                "typeProperties": {
                    "url": "[parameters('ls_lake2_covidreportdl_properties_typeProperties_url')]",
                    "accountKey": {
                        "type": "SecureString",
                        "value": "[parameters('ls_lake2_covidreportdl_accountKey')]"
                    }
                },
                "connectVia": {
                    "referenceName": "integrationRuntimeWithDebug",
                    "type": "IntegrationRuntimeReference"
                }
            },
            "dependsOn": [
                "[concat(variables('factoryId'), '/integrationRuntimes/integrationRuntimeWithDebug')]"
            ]
        },
        {
            "name": "[concat(parameters('factoryName'), '/ls_http_opendata_ecdc')]",
            "type": "Microsoft.DataFactory/factories/linkedServices",
            "apiVersion": "2018-06-01",
            "properties": {
                "parameters": {
                    "SourceBaseURL": {
                        "type": "string",
                        "defaultValue": "https://raw.githubusercontent.com"
                    }
                },
                "annotations": [],
                "type": "HttpServer",
                "typeProperties": {
                    "url": "[parameters('ls_http_opendata_ecdc_properties_typeProperties_url')]",
                    "enableServerCertificateValidation": true,
                    "authenticationType": "Anonymous"
                },
                "connectVia": {
                    "referenceName": "integrationRuntimeWithDebug",
                    "type": "IntegrationRuntimeReference"
                }
            },
            "dependsOn": [
                "[concat(variables('factoryId'), '/integrationRuntimes/integrationRuntimeWithDebug')]"
            ]
        },
        {
            "name": "[concat(parameters('factoryName'), '/pl_process_population_data')]",
            "type": "Microsoft.DataFactory/factories/pipelines",
            "apiVersion": "2018-06-01",
            "properties": {
                "activities": [
                    {
                        "name": "Execute population transformation",
                        "type": "DatabricksNotebook",
                        "dependsOn": [],
                        "policy": {
                            "timeout": "7.00:00:00",
                            "retry": 0,
                            "retryIntervalInSeconds": 30,
                            "secureOutput": false,
                            "secureInput": false
                        },
                        "userProperties": [],
                        "typeProperties": {
                            "notebookPath": "/covid/transformation/transform_population_data"
                        },
                        "linkedServiceName": {
                            "referenceName": "ls_db_covidcluster",
                            "type": "LinkedServiceReference"
                        }
                    }
                ],
                "folder": {
                    "name": "Process"
                },
                "annotations": [],
                "lastPublishTime": "2021-07-25T17:30:11Z"
            },
            "dependsOn": [
                "[concat(variables('factoryId'), '/linkedServices/ls_db_covidcluster')]"
            ]
        },
        {
            "name": "[concat(parameters('factoryName'), '/ds_sql_cases_deaths')]",
            "type": "Microsoft.DataFactory/factories/datasets",
            "apiVersion": "2018-06-01",
            "properties": {
                "linkedServiceName": {
                    "referenceName": "ls_sql_covidDB",
                    "type": "LinkedServiceReference"
                },
                "folder": {
                    "name": "Sql"
                },
                "annotations": [],
                "type": "AzureSqlTable",
                "schema": [
                    {
                        "name": "country",
                        "type": "varchar"
                    },
                    {
                        "name": "country_code_2_digit",
                        "type": "varchar"
                    },
                    {
                        "name": "country_code_3_digit",
                        "type": "varchar"
                    },
                    {
                        "name": "population",
                        "type": "bigint",
                        "precision": 19
                    },
                    {
                        "name": "cases_count",
                        "type": "bigint",
                        "precision": 19
                    },
                    {
                        "name": "deaths_count",
                        "type": "bigint",
                        "precision": 19
                    },
                    {
                        "name": "reported_date",
                        "type": "date"
                    },
                    {
                        "name": "source",
                        "type": "varchar"
                    }
                ],
                "typeProperties": {
                    "schema": "covid_reporting",
                    "table": "cases_and_deaths"
                }
            },
            "dependsOn": [
                "[concat(variables('factoryId'), '/linkedServices/ls_sql_covidDB')]"
            ]
        },
        {
            "name": "[concat(parameters('factoryName'), '/ds_sql_hosp_admissions')]",
            "type": "Microsoft.DataFactory/factories/datasets",
            "apiVersion": "2018-06-01",
            "properties": {
                "linkedServiceName": {
                    "referenceName": "ls_sql_covidDB",
                    "type": "LinkedServiceReference"
                },
                "folder": {
                    "name": "Sql"
                },
                "annotations": [],
                "type": "AzureSqlTable",
                "schema": [
                    {
                        "name": "country",
                        "type": "varchar"
                    },
                    {
                        "name": "country_code_2_digit",
                        "type": "varchar"
                    },
                    {
                        "name": "country_code_3_digit",
                        "type": "varchar"
                    },
                    {
                        "name": "population",
                        "type": "bigint",
                        "precision": 19
                    },
                    {
                        "name": "reported_date",
                        "type": "date"
                    },
                    {
                        "name": "hospital_occupancy_count",
                        "type": "bigint",
                        "precision": 19
                    },
                    {
                        "name": "icu_occupancy_count",
                        "type": "bigint",
                        "precision": 19
                    },
                    {
                        "name": "source",
                        "type": "varchar"
                    }
                ],
                "typeProperties": {
                    "schema": "covid_reporting",
                    "table": "hospital_admissions_daily"
                }
            },
            "dependsOn": [
                "[concat(variables('factoryId'), '/linkedServices/ls_sql_covidDB')]"
            ]
        },
        {
            "name": "[concat(parameters('factoryName'), '/ls_hdi_covidcluster')]",
            "type": "Microsoft.DataFactory/factories/linkedServices",
            "apiVersion": "2018-06-01",
            "properties": {
                "annotations": [],
                "type": "HDInsightOnDemand",
                "typeProperties": {
                    "clusterType": "hadoop",
                    "clusterSize": 4,
                    "timeToLive": "00:15:00",
                    "version": "4.0",
                    "hostSubscriptionId": "[parameters('ls_hdi_covidcluster_properties_typeProperties_hostSubscriptionId')]",
                    "clusterResourceGroup": "[parameters('ls_hdi_covidcluster_properties_typeProperties_clusterResourceGroup')]",
                    "servicePrincipalId": "[parameters('ls_hdi_covidcluster_properties_typeProperties_servicePrincipalId')]",
                    "tenant": "[parameters('ls_hdi_covidcluster_properties_typeProperties_tenant')]",
                    "clusterNamePrefix": "",
                    "clusterPassword": {
                        "type": "SecureString",
                        "value": "[parameters('ls_hdi_covidcluster_clusterPassword')]"
                    },
                    "clusterSshPassword": {
                        "type": "SecureString",
                        "value": "[parameters('ls_hdi_covidcluster_clusterSshPassword')]"
                    },
                    "servicePrincipalKey": {
                        "type": "SecureString",
                        "value": "[parameters('ls_hdi_covidcluster_servicePrincipalKey')]"
                    },
                    "additionalLinkedServiceNames": [
                        {
                            "referenceName": "ls_azblob_covidreportsa",
                            "type": "LinkedServiceReference"
                        }
                    ],
                    "linkedServiceName": {
                        "referenceName": "ls_azblob_covidreportsa",
                        "type": "LinkedServiceReference"
                    },
                    "headNodeSize": "",
                    "dataNodeSize": "",
                    "zookeeperNodeSize": ""
                }
            },
            "dependsOn": [
                "[concat(variables('factoryId'), '/linkedServices/ls_azblob_covidreportsa')]"
            ]
        },
        {
            "name": "[concat(parameters('factoryName'), '/ds_population_raw_gz')]",
            "type": "Microsoft.DataFactory/factories/datasets",
            "apiVersion": "2018-06-01",
            "properties": {
                "linkedServiceName": {
                    "referenceName": "ls_azblob_covidreportsa",
                    "type": "LinkedServiceReference"
                },
                "folder": {
                    "name": "Raw"
                },
                "annotations": [],
                "type": "DelimitedText",
                "typeProperties": {
                    "location": {
                        "type": "AzureBlobStorageLocation",
                        "fileName": "population_by_age.tsv.gz",
                        "container": "popilation"
                    },
                    "columnDelimiter": "\t",
                    "compressionCodec": "gzip",
                    "compressionLevel": "Optimal",
                    "escapeChar": "\\",
                    "firstRowAsHeader": true,
                    "quoteChar": "\""
                },
                "schema": []
            },
            "dependsOn": [
                "[concat(variables('factoryId'), '/linkedServices/ls_azblob_covidreportsa')]"
            ]
        },
        {
            "name": "[concat(parameters('factoryName'), '/ds_population_raw_tsw')]",
            "type": "Microsoft.DataFactory/factories/datasets",
            "apiVersion": "2018-06-01",
            "properties": {
                "linkedServiceName": {
                    "referenceName": "ls_lake2_covidreportdl",
                    "type": "LinkedServiceReference"
                },
                "folder": {
                    "name": "Raw"
                },
                "annotations": [],
                "type": "DelimitedText",
                "typeProperties": {
                    "location": {
                        "type": "AzureBlobFSLocation",
                        "fileName": "population_by_age.tsv",
                        "folderPath": "population",
                        "fileSystem": "raw"
                    },
                    "columnDelimiter": "\t",
                    "escapeChar": "\\",
                    "firstRowAsHeader": true,
                    "quoteChar": "\""
                },
                "schema": []
            },
            "dependsOn": [
                "[concat(variables('factoryId'), '/linkedServices/ls_lake2_covidreportdl')]"
            ]
        },
        {
            "name": "[concat(parameters('factoryName'), '/ds_ecdc_raw_csv_dl')]",
            "type": "Microsoft.DataFactory/factories/datasets",
            "apiVersion": "2018-06-01",
            "properties": {
                "linkedServiceName": {
                    "referenceName": "ls_lake2_covidreportdl",
                    "type": "LinkedServiceReference"
                },
                "parameters": {
                    "fileName": {
                        "type": "string",
                        "defaultValue": "hospital_admissions.csv"
                    }
                },
                "folder": {
                    "name": "Raw"
                },
                "annotations": [],
                "type": "DelimitedText",
                "typeProperties": {
                    "location": {
                        "type": "AzureBlobFSLocation",
                        "fileName": {
                            "value": "@dataset().fileName",
                            "type": "Expression"
                        },
                        "folderPath": "ecdc",
                        "fileSystem": "raw"
                    },
                    "columnDelimiter": ",",
                    "escapeChar": "\\",
                    "firstRowAsHeader": true,
                    "quoteChar": "\""
                },
                "schema": []
            },
            "dependsOn": [
                "[concat(variables('factoryId'), '/linkedServices/ls_lake2_covidreportdl')]"
            ]
        },
        {
            "name": "[concat(parameters('factoryName'), '/ds_ecdc_raw_csv_http')]",
            "type": "Microsoft.DataFactory/factories/datasets",
            "apiVersion": "2018-06-01",
            "properties": {
                "linkedServiceName": {
                    "referenceName": "ls_http_opendata_ecdc",
                    "type": "LinkedServiceReference",
                    "parameters": {
                        "SourceBaseURL": {
                            "value": "@dataset().baseURL",
                            "type": "Expression"
                        }
                    }
                },
                "parameters": {
                    "relativeURL": {
                        "type": "string"
                    },
                    "baseURL": {
                        "type": "string"
                    }
                },
                "folder": {
                    "name": "Raw"
                },
                "annotations": [],
                "type": "DelimitedText",
                "typeProperties": {
                    "location": {
                        "type": "HttpServerLocation",
                        "relativeUrl": {
                            "value": "@dataset().relativeURL",
                            "type": "Expression"
                        }
                    },
                    "columnDelimiter": ",",
                    "escapeChar": "\\",
                    "firstRowAsHeader": true,
                    "quoteChar": "\""
                },
                "schema": []
            },
            "dependsOn": [
                "[concat(variables('factoryId'), '/linkedServices/ls_http_opendata_ecdc')]"
            ]
        },
        {
            "name": "[concat(parameters('factoryName'), '/ds_ecdc_file_list')]",
            "type": "Microsoft.DataFactory/factories/datasets",
            "apiVersion": "2018-06-01",
            "properties": {
                "linkedServiceName": {
                    "referenceName": "ls_azblob_covidreportsa",
                    "type": "LinkedServiceReference"
                },
                "annotations": [],
                "type": "Json",
                "typeProperties": {
                    "location": {
                        "type": "AzureBlobStorageLocation",
                        "fileName": "ecdc_file_list.json",
                        "container": "configs"
                    }
                },
                "schema": {
                    "type": "object",
                    "properties": {
                        "sourceBaseURL": {
                            "type": "string"
                        },
                        "sourceRelativeURL": {
                            "type": "string"
                        },
                        "sinkFileName": {
                            "type": "string"
                        }
                    }
                }
            },
            "dependsOn": [
                "[concat(variables('factoryId'), '/linkedServices/ls_azblob_covidreportsa')]"
            ]
        },
        {
            "name": "[concat(parameters('factoryName'), '/ds_country_lookup')]",
            "type": "Microsoft.DataFactory/factories/datasets",
            "apiVersion": "2018-06-01",
            "properties": {
                "linkedServiceName": {
                    "referenceName": "ls_lake2_covidreportdl",
                    "type": "LinkedServiceReference"
                },
                "folder": {
                    "name": "Lookup"
                },
                "annotations": [],
                "type": "DelimitedText",
                "typeProperties": {
                    "location": {
                        "type": "AzureBlobFSLocation",
                        "fileName": "country_lookup.csv",
                        "folderPath": "country_lookup",
                        "fileSystem": "lookup"
                    },
                    "columnDelimiter": ",",
                    "escapeChar": "\\",
                    "firstRowAsHeader": true,
                    "quoteChar": "\""
                },
                "schema": [
                    {
                        "name": "country",
                        "type": "String"
                    },
                    {
                        "name": "country_code_2_digit",
                        "type": "String"
                    },
                    {
                        "name": "country_code_3_digit",
                        "type": "String"
                    },
                    {
                        "name": "continent",
                        "type": "String"
                    },
                    {
                        "name": "population",
                        "type": "String"
                    }
                ]
            },
            "dependsOn": [
                "[concat(variables('factoryId'), '/linkedServices/ls_lake2_covidreportdl')]"
            ]
        },
        {
            "name": "[concat(parameters('factoryName'), '/ds_raw_cases_and_deaths')]",
            "type": "Microsoft.DataFactory/factories/datasets",
            "apiVersion": "2018-06-01",
            "properties": {
                "linkedServiceName": {
                    "referenceName": "ls_lake2_covidreportdl",
                    "type": "LinkedServiceReference"
                },
                "folder": {
                    "name": "Raw"
                },
                "annotations": [],
                "type": "DelimitedText",
                "typeProperties": {
                    "location": {
                        "type": "AzureBlobFSLocation",
                        "fileName": "cases_deaths.csv",
                        "folderPath": "ecdc/cases_deaths",
                        "fileSystem": "raw"
                    },
                    "columnDelimiter": ",",
                    "escapeChar": "\\",
                    "firstRowAsHeader": true,
                    "quoteChar": "\""
                },
                "schema": [
                    {
                        "name": "country",
                        "type": "String"
                    },
                    {
                        "name": "country_code",
                        "type": "String"
                    },
                    {
                        "name": "continent",
                        "type": "String"
                    },
                    {
                        "name": "population",
                        "type": "String"
                    },
                    {
                        "name": "indicator",
                        "type": "String"
                    },
                    {
                        "name": "daily_count",
                        "type": "String"
                    },
                    {
                        "name": "date",
                        "type": "String"
                    },
                    {
                        "name": "rate_14_day",
                        "type": "String"
                    },
                    {
                        "name": "source",
                        "type": "String"
                    }
                ]
            },
            "dependsOn": [
                "[concat(variables('factoryId'), '/linkedServices/ls_lake2_covidreportdl')]"
            ]
        },
        {
            "name": "[concat(parameters('factoryName'), '/ds_processed_cases_and_deaths')]",
            "type": "Microsoft.DataFactory/factories/datasets",
            "apiVersion": "2018-06-01",
            "properties": {
                "linkedServiceName": {
                    "referenceName": "ls_lake2_covidreportdl",
                    "type": "LinkedServiceReference"
                },
                "folder": {
                    "name": "Processed"
                },
                "annotations": [],
                "type": "DelimitedText",
                "typeProperties": {
                    "location": {
                        "type": "AzureBlobFSLocation",
                        "folderPath": "ecdc/cases_deaths",
                        "fileSystem": "processed"
                    },
                    "columnDelimiter": ",",
                    "escapeChar": "\\",
                    "firstRowAsHeader": true,
                    "quoteChar": "\""
                },
                "schema": []
            },
            "dependsOn": [
                "[concat(variables('factoryId'), '/linkedServices/ls_lake2_covidreportdl')]"
            ]
        },
        {
            "name": "[concat(parameters('factoryName'), '/ds_proceed_weelky_hospital_occupation')]",
            "type": "Microsoft.DataFactory/factories/datasets",
            "apiVersion": "2018-06-01",
            "properties": {
                "linkedServiceName": {
                    "referenceName": "ls_lake2_covidreportdl",
                    "type": "LinkedServiceReference"
                },
                "folder": {
                    "name": "Processed"
                },
                "annotations": [],
                "type": "DelimitedText",
                "typeProperties": {
                    "location": {
                        "type": "AzureBlobFSLocation",
                        "folderPath": "ecdc/hospital_occupation/weekly",
                        "fileSystem": "processed"
                    },
                    "columnDelimiter": ",",
                    "escapeChar": "\\",
                    "firstRowAsHeader": true,
                    "quoteChar": "\""
                },
                "schema": []
            },
            "dependsOn": [
                "[concat(variables('factoryId'), '/linkedServices/ls_lake2_covidreportdl')]"
            ]
        }
    ]
}