{
    "$schema": "http://schema.management.azure.com/schemas/2015-01-01/deploymentTemplate.json#",
    "contentVersion": "1.0.0.0",
    "parameters": {
        "factoryName": {
            "type": "string",
            "metadata": "Data Factory name",
            "defaultValue": "covid-reporting-factory"
        },
        "ls_azblob_covidreportsa_connectionString": {
            "type": "secureString",
            "metadata": "Secure string for 'connectionString' of 'ls_azblob_covidreportsa'"
        },
        "ls_lake2_covidreportdl_accountKey": {
            "type": "secureString",
            "metadata": "Secure string for 'accountKey' of 'ls_lake2_covidreportdl'"
        },
        "ls_hdi_covidcluster_clusterPassword": {
            "type": "secureString",
            "metadata": "Secure string for 'clusterPassword' of 'ls_hdi_covidcluster'"
        },
        "ls_hdi_covidcluster_clusterSshPassword": {
            "type": "secureString",
            "metadata": "Secure string for 'clusterSshPassword' of 'ls_hdi_covidcluster'"
        },
        "ls_hdi_covidcluster_servicePrincipalKey": {
            "type": "secureString",
            "metadata": "Secure string for 'servicePrincipalKey' of 'ls_hdi_covidcluster'"
        },
        "ls_db_covidcluster_accessToken": {
            "type": "secureString",
            "metadata": "Secure string for 'accessToken' of 'ls_db_covidcluster'"
        },
        "ls_sql_covidDB_connectionString": {
            "type": "secureString",
            "metadata": "Secure string for 'connectionString' of 'ls_sql_covidDB'"
        },
        "tr_population_data_arrives_properties_typeProperties_scope": {
            "type": "string",
            "defaultValue": "/subscriptions/c8aee60f-2c14-456c-82b2-deb29e366b8f/resourceGroups/covid-reporting-rg/providers/Microsoft.Storage/storageAccounts/covidreportingstock"
        },
        "ls_lake2_covidreportdl_properties_typeProperties_url": {
            "type": "string",
            "defaultValue": "https://covidreportinglakesmall.dfs.core.windows.net"
        },
        "ls_http_opendata_ecdc_properties_typeProperties_url": {
            "type": "string",
            "defaultValue": "@{linkedService().SourceBaseURL}"
        },
        "ls_hdi_covidcluster_properties_typeProperties_hostSubscriptionId": {
            "type": "string",
            "defaultValue": "c8aee60f-2c14-456c-82b2-deb29e366b8f"
        },
        "ls_hdi_covidcluster_properties_typeProperties_clusterResourceGroup": {
            "type": "string",
            "defaultValue": "covid-reporting-rg"
        },
        "ls_hdi_covidcluster_properties_typeProperties_servicePrincipalId": {
            "type": "string",
            "defaultValue": "admin"
        },
        "ls_hdi_covidcluster_properties_typeProperties_tenant": {
            "type": "string",
            "defaultValue": "e94e49a4-22e7-4f19-aa10-015b3223fca6"
        },
        "ls_http_eurostat_properties_typeProperties_url": {
            "type": "string",
            "defaultValue": "https://ec.europa.eu"
        },
        "containerUri": {
            "type": "string",
            "metadata": "URI to storage account containing linked ARM templates"
        },
        "containerSasToken": {
            "type": "string",
            "metadata": "Sas token to storage account containing linked ARM templates"
        }
    },
    "variables": {
        "factoryId": "[concat('Microsoft.DataFactory/factories/', parameters('factoryName'))]"
    },
    "resources": [
        {
            "name": "covid-reporting-factory_ArmTemplate_0",
            "type": "Microsoft.Resources/deployments",
            "apiVersion": "2018-02-01",
            "properties": {
                "mode": "incremental",
                "templateLink": {
                    "uri": "[concat(parameters('containerUri'), '/ArmTemplate_0.json', parameters('containerSasToken'))]",
                    "contentVersion": "1.0.0.0"
                },
                "parameters": {
                    "factoryName": {
                        "value": "[parameters('factoryName')]"
                    },
                    "ls_db_covidcluster_accessToken": {
                        "value": "[parameters('ls_db_covidcluster_accessToken')]"
                    },
                    "ls_sql_covidDB_connectionString": {
                        "value": "[parameters('ls_sql_covidDB_connectionString')]"
                    },
                    "ls_azblob_covidreportsa_connectionString": {
                        "value": "[parameters('ls_azblob_covidreportsa_connectionString')]"
                    },
                    "ls_lake2_covidreportdl_accountKey": {
                        "value": "[parameters('ls_lake2_covidreportdl_accountKey')]"
                    },
                    "ls_hdi_covidcluster_clusterPassword": {
                        "value": "[parameters('ls_hdi_covidcluster_clusterPassword')]"
                    },
                    "ls_hdi_covidcluster_clusterSshPassword": {
                        "value": "[parameters('ls_hdi_covidcluster_clusterSshPassword')]"
                    },
                    "ls_hdi_covidcluster_servicePrincipalKey": {
                        "value": "[parameters('ls_hdi_covidcluster_servicePrincipalKey')]"
                    },
                    "ls_http_eurostat_properties_typeProperties_url": {
                        "value": "[parameters('ls_http_eurostat_properties_typeProperties_url')]"
                    },
                    "ls_lake2_covidreportdl_properties_typeProperties_url": {
                        "value": "[parameters('ls_lake2_covidreportdl_properties_typeProperties_url')]"
                    },
                    "ls_http_opendata_ecdc_properties_typeProperties_url": {
                        "value": "[parameters('ls_http_opendata_ecdc_properties_typeProperties_url')]"
                    },
                    "ls_hdi_covidcluster_properties_typeProperties_hostSubscriptionId": {
                        "value": "[parameters('ls_hdi_covidcluster_properties_typeProperties_hostSubscriptionId')]"
                    },
                    "ls_hdi_covidcluster_properties_typeProperties_clusterResourceGroup": {
                        "value": "[parameters('ls_hdi_covidcluster_properties_typeProperties_clusterResourceGroup')]"
                    },
                    "ls_hdi_covidcluster_properties_typeProperties_servicePrincipalId": {
                        "value": "[parameters('ls_hdi_covidcluster_properties_typeProperties_servicePrincipalId')]"
                    },
                    "ls_hdi_covidcluster_properties_typeProperties_tenant": {
                        "value": "[parameters('ls_hdi_covidcluster_properties_typeProperties_tenant')]"
                    }
                }
            },
            "dependsOn": []
        },
        {
            "name": "covid-reporting-factory_ArmTemplate_1",
            "type": "Microsoft.Resources/deployments",
            "apiVersion": "2018-02-01",
            "properties": {
                "mode": "incremental",
                "templateLink": {
                    "uri": "[concat(parameters('containerUri'), '/ArmTemplate_1.json', parameters('containerSasToken'))]",
                    "contentVersion": "1.0.0.0"
                },
                "parameters": {
                    "factoryName": {
                        "value": "[parameters('factoryName')]"
                    },
                    "tr_population_data_arrives_properties_typeProperties_scope": {
                        "value": "[parameters('tr_population_data_arrives_properties_typeProperties_scope')]"
                    }
                }
            },
            "dependsOn": [
                "[resourceId('Microsoft.Resources/deployments', 'covid-reporting-factory_ArmTemplate_0')]"
            ]
        }
    ]
}