{
    "$schema": "https://schema.management.azure.com/schemas/2015-01-01/deploymentParameters.json#",
    "contentVersion": "1.0.0.0",
    "parameters": {
        "factoryName": {
            "value": "covid-reporting-factory"
        },
        "ls_azblob_covidreportsa_connectionString": {
            "value": ""
        },
        "ls_lake2_covidreportdl_accountKey": {
            "value": ""
        },
        "ls_hdi_covidcluster_clusterPassword": {
            "value": ""
        },
        "ls_hdi_covidcluster_clusterSshPassword": {
            "value": ""
        },
        "ls_hdi_covidcluster_servicePrincipalKey": {
            "value": ""
        },
        "ls_db_covidcluster_accessToken": {
            "value": ""
        },
        "ls_sql_covidDB_connectionString": {
            "value": ""
        },
        "tr_population_data_arrives_properties_typeProperties_scope": {
            "value": "/subscriptions/c8aee60f-2c14-456c-82b2-deb29e366b8f/resourceGroups/covid-reporting-rg/providers/Microsoft.Storage/storageAccounts/covidreportingstock"
        },
        "ls_lake2_covidreportdl_properties_typeProperties_url": {
            "value": "https://covidreportinglakesmall.dfs.core.windows.net"
        },
        "ls_http_opendata_ecdc_properties_typeProperties_url": {
            "value": "@{linkedService().SourceBaseURL}"
        },
        "ls_hdi_covidcluster_properties_typeProperties_hostSubscriptionId": {
            "value": "c8aee60f-2c14-456c-82b2-deb29e366b8f"
        },
        "ls_hdi_covidcluster_properties_typeProperties_clusterResourceGroup": {
            "value": "covid-reporting-rg"
        },
        "ls_hdi_covidcluster_properties_typeProperties_servicePrincipalId": {
            "value": "admin"
        },
        "ls_hdi_covidcluster_properties_typeProperties_tenant": {
            "value": "e94e49a4-22e7-4f19-aa10-015b3223fca6"
        },
        "ls_http_eurostat_properties_typeProperties_url": {
            "value": "https://ec.europa.eu"
        }
    }
}