{
    "$schema": "http://schema.management.azure.com/schemas/2015-01-01/deploymentTemplate.json#",
    "contentVersion": "1.0.0.0",
    "parameters": {
        "factoryName": {
            "type": "string",
            "metadata": "Data Factory name",
            "defaultValue": "covid-reporting-factory"
        },
        "ls_azblob_covidreportsa_connectionString": {
            "type": "secureString",
            "metadata": "Secure string for 'connectionString' of 'ls_azblob_covidreportsa'"
        },
        "ls_lake2_covidreportdl_accountKey": {
            "type": "secureString",
            "metadata": "Secure string for 'accountKey' of 'ls_lake2_covidreportdl'"
        },
        "ls_hdi_covidcluster_clusterPassword": {
            "type": "secureString",
            "metadata": "Secure string for 'clusterPassword' of 'ls_hdi_covidcluster'"
        },
        "ls_hdi_covidcluster_clusterSshPassword": {
            "type": "secureString",
            "metadata": "Secure string for 'clusterSshPassword' of 'ls_hdi_covidcluster'"
        },
        "ls_hdi_covidcluster_servicePrincipalKey": {
            "type": "secureString",
            "metadata": "Secure string for 'servicePrincipalKey' of 'ls_hdi_covidcluster'"
        },
        "ls_db_covidcluster_accessToken": {
            "type": "secureString",
            "metadata": "Secure string for 'accessToken' of 'ls_db_covidcluster'"
        },
        "ls_sql_covidDB_connectionString": {
            "type": "secureString",
            "metadata": "Secure string for 'connectionString' of 'ls_sql_covidDB'"
        },
        "tr_population_data_arrives_properties_typeProperties_scope": {
            "type": "string",
            "defaultValue": "/subscriptions/c8aee60f-2c14-456c-82b2-deb29e366b8f/resourceGroups/covid-reporting-rg/providers/Microsoft.Storage/storageAccounts/covidreportingstock"
        },
        "ls_lake2_covidreportdl_properties_typeProperties_url": {
            "type": "string",
            "defaultValue": "https://covidreportinglakesmall.dfs.core.windows.net"
        },
        "ls_http_opendata_ecdc_properties_typeProperties_url": {
            "type": "string",
            "defaultValue": "@{linkedService().SourceBaseURL}"
        },
        "ls_hdi_covidcluster_properties_typeProperties_hostSubscriptionId": {
            "type": "string",
            "defaultValue": "c8aee60f-2c14-456c-82b2-deb29e366b8f"
        },
        "ls_hdi_covidcluster_properties_typeProperties_clusterResourceGroup": {
            "type": "string",
            "defaultValue": "covid-reporting-rg"
        },
        "ls_hdi_covidcluster_properties_typeProperties_servicePrincipalId": {
            "type": "string",
            "defaultValue": "admin"
        },
        "ls_hdi_covidcluster_properties_typeProperties_tenant": {
            "type": "string",
            "defaultValue": "e94e49a4-22e7-4f19-aa10-015b3223fca6"
        },
        "ls_http_eurostat_properties_typeProperties_url": {
            "type": "string",
            "defaultValue": "https://ec.europa.eu"
        }
    },
    "variables": {
        "factoryId": "[concat('Microsoft.DataFactory/factories/', parameters('factoryName'))]"
    },
    "resources": [
        {
            "name": "[concat(parameters('factoryName'), '/foo')]",
            "type": "Microsoft.DataFactory/factories/triggers",
            "apiVersion": "2018-06-01",
            "properties": {
                "annotations": [],
                "runtimeState": "Stopped",
                "pipelines": [
                    {
                        "pipelineReference": {
                            "referenceName": "pl_inject_ecds_data",
                            "type": "PipelineReference"
                        },
                        "parameters": {}
                    }
                ],
                "type": "ScheduleTrigger",
                "typeProperties": {
                    "recurrence": {
                        "frequency": "Minute",
                        "interval": 2,
                        "startTime": "2021-07-18T15:12:00Z",
                        "timeZone": "UTC"
                    }
                }
            },
            "dependsOn": [
                "[concat(variables('factoryId'), '/pipelines/pl_inject_ecds_data')]"
            ]
        },
        {
            "name": "[concat(parameters('factoryName'), '/tr_population_data_arrives')]",
            "type": "Microsoft.DataFactory/factories/triggers",
            "apiVersion": "2018-06-01",
            "properties": {
                "annotations": [],
                "runtimeState": "Stopped",
                "pipelines": [
                    {
                        "pipelineReference": {
                            "referenceName": "pl_execute_population_pipelines",
                            "type": "PipelineReference"
                        },
                        "parameters": {}
                    }
                ],
                "type": "BlobEventsTrigger",
                "typeProperties": {
                    "blobPathBeginsWith": "/popilation/blobs/population_by_age.tsv.gz",
                    "ignoreEmptyBlobs": true,
                    "scope": "[parameters('tr_population_data_arrives_properties_typeProperties_scope')]",
                    "events": [
                        "Microsoft.Storage.BlobCreated"
                    ]
                }
            },
            "dependsOn": [
                "[concat(variables('factoryId'), '/pipelines/pl_execute_population_pipelines')]"
            ]
        },
        {
            "name": "[concat(parameters('factoryName'), '/tr_inject_ecec_data')]",
            "type": "Microsoft.DataFactory/factories/triggers",
            "apiVersion": "2018-06-01",
            "properties": {
                "annotations": [],
                "runtimeState": "Stopped",
                "pipeline": {
                    "pipelineReference": {
                        "referenceName": "pl_inject_ecds_data",
                        "type": "PipelineReference"
                    },
                    "parameters": {}
                },
                "type": "TumblingWindowTrigger",
                "typeProperties": {
                    "frequency": "Hour",
                    "interval": 24,
                    "startTime": "2021-07-24T00:00:00Z",
                    "delay": "00:00:00",
                    "maxConcurrency": 50,
                    "retryPolicy": {
                        "intervalInSeconds": 30
                    },
                    "dependsOn": []
                }
            },
            "dependsOn": [
                "[concat(variables('factoryId'), '/pipelines/pl_inject_ecds_data')]"
            ]
        },
        {
            "name": "[concat(parameters('factoryName'), '/tr_process_hospital_admissions_data')]",
            "type": "Microsoft.DataFactory/factories/triggers",
            "apiVersion": "2018-06-01",
            "properties": {
                "annotations": [],
                "runtimeState": "Stopped",
                "pipeline": {
                    "pipelineReference": {
                        "referenceName": "pl_process_hospitals_occupation",
                        "type": "PipelineReference"
                    },
                    "parameters": {}
                },
                "type": "TumblingWindowTrigger",
                "typeProperties": {
                    "frequency": "Minute",
                    "interval": 15,
                    "startTime": "2021-07-24T00:00:00Z",
                    "delay": "00:00:00",
                    "maxConcurrency": 50,
                    "retryPolicy": {
                        "intervalInSeconds": 30
                    },
                    "dependsOn": [
                        {
                            "type": "TumblingWindowTriggerDependencyReference",
                            "referenceTrigger": {
                                "referenceName": "tr_inject_ecec_data",
                                "type": "TriggerReference"
                            }
                        }
                    ]
                }
            },
            "dependsOn": [
                "[concat(variables('factoryId'), '/pipelines/pl_process_hospitals_occupation')]",
                "[concat(variables('factoryId'), '/triggers/tr_inject_ecec_data')]"
            ]
        },
        {
            "name": "[concat(parameters('factoryName'), '/tr_process_cases_deaths')]",
            "type": "Microsoft.DataFactory/factories/triggers",
            "apiVersion": "2018-06-01",
            "properties": {
                "annotations": [],
                "runtimeState": "Stopped",
                "pipeline": {
                    "pipelineReference": {
                        "referenceName": "pl_process_cases_and_deaths_data",
                        "type": "PipelineReference"
                    },
                    "parameters": {}
                },
                "type": "TumblingWindowTrigger",
                "typeProperties": {
                    "frequency": "Hour",
                    "interval": 24,
                    "startTime": "2021-07-24T00:00:00Z",
                    "delay": "00:00:00",
                    "maxConcurrency": 50,
                    "retryPolicy": {
                        "intervalInSeconds": 30
                    },
                    "dependsOn": [
                        {
                            "type": "TumblingWindowTriggerDependencyReference",
                            "referenceTrigger": {
                                "referenceName": "tr_inject_ecec_data",
                                "type": "TriggerReference"
                            }
                        }
                    ]
                }
            },
            "dependsOn": [
                "[concat(variables('factoryId'), '/pipelines/pl_process_cases_and_deaths_data')]",
                "[concat(variables('factoryId'), '/triggers/tr_inject_ecec_data')]"
            ]
        },
        {
            "name": "[concat(parameters('factoryName'), '/tr_sqlize_cases_deaths')]",
            "type": "Microsoft.DataFactory/factories/triggers",
            "apiVersion": "2018-06-01",
            "properties": {
                "annotations": [],
                "runtimeState": "Stopped",
                "pipeline": {
                    "pipelineReference": {
                        "referenceName": "pl_proceed_cases_to_db",
                        "type": "PipelineReference"
                    },
                    "parameters": {}
                },
                "type": "TumblingWindowTrigger",
                "typeProperties": {
                    "frequency": "Hour",
                    "interval": 24,
                    "startTime": "2021-07-24T00:00:00Z",
                    "delay": "00:00:00",
                    "maxConcurrency": 50,
                    "retryPolicy": {
                        "intervalInSeconds": 30
                    },
                    "dependsOn": [
                        {
                            "type": "TumblingWindowTriggerDependencyReference",
                            "referenceTrigger": {
                                "referenceName": "tr_process_cases_deaths",
                                "type": "TriggerReference"
                            }
                        }
                    ]
                }
            },
            "dependsOn": [
                "[concat(variables('factoryId'), '/pipelines/pl_proceed_cases_to_db')]",
                "[concat(variables('factoryId'), '/triggers/tr_process_cases_deaths')]"
            ]
        },
        {
            "name": "[concat(parameters('factoryName'), '/tr_sqlize_hospital_admissions_data')]",
            "type": "Microsoft.DataFactory/factories/triggers",
            "apiVersion": "2018-06-01",
            "properties": {
                "annotations": [],
                "runtimeState": "Stopped",
                "pipeline": {
                    "pipelineReference": {
                        "referenceName": "pl_proceed_hospital_adm_toDB",
                        "type": "PipelineReference"
                    },
                    "parameters": {}
                },
                "type": "TumblingWindowTrigger",
                "typeProperties": {
                    "frequency": "Hour",
                    "interval": 24,
                    "startTime": "2021-07-24T00:00:00Z",
                    "delay": "00:00:00",
                    "maxConcurrency": 50,
                    "retryPolicy": {
                        "intervalInSeconds": 30
                    },
                    "dependsOn": [
                        {
                            "type": "TumblingWindowTriggerDependencyReference",
                            "referenceTrigger": {
                                "referenceName": "tr_sqlize_cases_deaths",
                                "type": "TriggerReference"
                            }
                        }
                    ]
                }
            },
            "dependsOn": [
                "[concat(variables('factoryId'), '/pipelines/pl_proceed_hospital_adm_toDB')]",
                "[concat(variables('factoryId'), '/triggers/tr_sqlize_cases_deaths')]"
            ]
        },
        {
            "name": "[concat(parameters('factoryName'), '/integrationRuntimeWithDebug')]",
            "type": "Microsoft.DataFactory/factories/integrationRuntimes",
            "apiVersion": "2018-06-01",
            "properties": {
                "type": "Managed",
                "typeProperties": {
                    "computeProperties": {
                        "location": "AutoResolve",
                        "dataFlowProperties": {
                            "computeType": "General",
                            "coreCount": 8,
                            "timeToLive": 10,
                            "cleanup": false
                        }
                    }
                }
            },
            "dependsOn": []
        },
        {
            "name": "[concat(parameters('factoryName'), '/ls_azblob_covidreportsa')]",
            "type": "Microsoft.DataFactory/factories/linkedServices",
            "apiVersion": "2018-06-01",
            "properties": {
                "annotations": [],
                "type": "AzureBlobStorage",
                "typeProperties": {
                    "connectionString": "[parameters('ls_azblob_covidreportsa_connectionString')]"
                },
                "connectVia": {
                    "referenceName": "integrationRuntimeWithDebug",
                    "type": "IntegrationRuntimeReference"
                }
            },
            "dependsOn": [
                "[concat(variables('factoryId'), '/integrationRuntimes/integrationRuntimeWithDebug')]"
            ]
        },
        {
            "name": "[concat(parameters('factoryName'), '/ls_lake2_covidreportdl')]",
            "type": "Microsoft.DataFactory/factories/linkedServices",
            "apiVersion": "2018-06-01",
            "properties": {
                "annotations": [],
                "type": "AzureBlobFS",
                "typeProperties": {
                    "url": "[parameters('ls_lake2_covidreportdl_properties_typeProperties_url')]",
                    "accountKey": {
                        "type": "SecureString",
                        "value": "[parameters('ls_lake2_covidreportdl_accountKey')]"
                    }
                },
                "connectVia": {
                    "referenceName": "integrationRuntimeWithDebug",
                    "type": "IntegrationRuntimeReference"
                }
            },
            "dependsOn": [
                "[concat(variables('factoryId'), '/integrationRuntimes/integrationRuntimeWithDebug')]"
            ]
        },
        {
            "name": "[concat(parameters('factoryName'), '/ls_http_opendata_ecdc')]",
            "type": "Microsoft.DataFactory/factories/linkedServices",
            "apiVersion": "2018-06-01",
            "properties": {
                "parameters": {
                    "SourceBaseURL": {
                        "type": "string",
                        "defaultValue": "https://raw.githubusercontent.com"
                    }
                },
                "annotations": [],
                "type": "HttpServer",
                "typeProperties": {
                    "url": "[parameters('ls_http_opendata_ecdc_properties_typeProperties_url')]",
                    "enableServerCertificateValidation": true,
                    "authenticationType": "Anonymous"
                },
                "connectVia": {
                    "referenceName": "integrationRuntimeWithDebug",
                    "type": "IntegrationRuntimeReference"
                }
            },
            "dependsOn": [
                "[concat(variables('factoryId'), '/integrationRuntimes/integrationRuntimeWithDebug')]"
            ]
        },
        {
            "name": "[concat(parameters('factoryName'), '/ls_hdi_covidcluster')]",
            "type": "Microsoft.DataFactory/factories/linkedServices",
            "apiVersion": "2018-06-01",
            "properties": {
                "annotations": [],
                "type": "HDInsightOnDemand",
                "typeProperties": {
                    "clusterType": "hadoop",
                    "clusterSize": 4,
                    "timeToLive": "00:15:00",
                    "version": "4.0",
                    "hostSubscriptionId": "[parameters('ls_hdi_covidcluster_properties_typeProperties_hostSubscriptionId')]",
                    "clusterResourceGroup": "[parameters('ls_hdi_covidcluster_properties_typeProperties_clusterResourceGroup')]",
                    "servicePrincipalId": "[parameters('ls_hdi_covidcluster_properties_typeProperties_servicePrincipalId')]",
                    "tenant": "[parameters('ls_hdi_covidcluster_properties_typeProperties_tenant')]",
                    "clusterNamePrefix": "",
                    "clusterPassword": {
                        "type": "SecureString",
                        "value": "[parameters('ls_hdi_covidcluster_clusterPassword')]"
                    },
                    "clusterSshPassword": {
                        "type": "SecureString",
                        "value": "[parameters('ls_hdi_covidcluster_clusterSshPassword')]"
                    },
                    "servicePrincipalKey": {
                        "type": "SecureString",
                        "value": "[parameters('ls_hdi_covidcluster_servicePrincipalKey')]"
                    },
                    "additionalLinkedServiceNames": [
                        {
                            "referenceName": "ls_azblob_covidreportsa",
                            "type": "LinkedServiceReference"
                        }
                    ],
                    "linkedServiceName": {
                        "referenceName": "ls_azblob_covidreportsa",
                        "type": "LinkedServiceReference"
                    },
                    "headNodeSize": "",
                    "dataNodeSize": "",
                    "zookeeperNodeSize": ""
                }
            },
            "dependsOn": [
                "[concat(variables('factoryId'), '/linkedServices/ls_azblob_covidreportsa')]"
            ]
        },
        {
            "name": "[concat(parameters('factoryName'), '/ls_http_eurostat')]",
            "type": "Microsoft.DataFactory/factories/linkedServices",
            "apiVersion": "2018-06-01",
            "properties": {
                "annotations": [],
                "type": "HttpServer",
                "typeProperties": {
                    "url": "[parameters('ls_http_eurostat_properties_typeProperties_url')]",
                    "enableServerCertificateValidation": true,
                    "authenticationType": "Anonymous"
                }
            },
            "dependsOn": []
        },
        {
            "name": "[concat(parameters('factoryName'), '/ls_db_covidcluster')]",
            "type": "Microsoft.DataFactory/factories/linkedServices",
            "apiVersion": "2018-06-01",
            "properties": {
                "annotations": [],
                "type": "AzureDatabricks",
                "typeProperties": {
                    "domain": "https://adb-4659236365380353.13.azuredatabricks.net",
                    "accessToken": {
                        "type": "SecureString",
                        "value": "[parameters('ls_db_covidcluster_accessToken')]"
                    },
                    "existingClusterId": "0722-111038-fill8"
                }
            },
            "dependsOn": []
        },
        {
            "name": "[concat(parameters('factoryName'), '/ls_sql_covidDB')]",
            "type": "Microsoft.DataFactory/factories/linkedServices",
            "apiVersion": "2018-06-01",
            "properties": {
                "annotations": [],
                "type": "AzureSqlDatabase",
                "typeProperties": {
                    "connectionString": "[parameters('ls_sql_covidDB_connectionString')]"
                }
            },
            "dependsOn": []
        },
        {
            "name": "[concat(parameters('factoryName'), '/pl_inject_population_data')]",
            "type": "Microsoft.DataFactory/factories/pipelines",
            "apiVersion": "2018-06-01",
            "properties": {
                "activities": [
                    {
                        "name": "Check_if_file_exists",
                        "type": "Validation",
                        "dependsOn": [],
                        "userProperties": [],
                        "typeProperties": {
                            "dataset": {
                                "referenceName": "ds_population_raw_gz",
                                "type": "DatasetReference",
                                "parameters": {}
                            },
                            "timeout": "0.00:00:00",
                            "sleep": 1,
                            "minimumSize": 1024
                        }
                    },
                    {
                        "name": "Get File Metadata",
                        "type": "GetMetadata",
                        "dependsOn": [
                            {
                                "activity": "Check_if_file_exists",
                                "dependencyConditions": [
                                    "Succeeded"
                                ]
                            }
                        ],
                        "policy": {
                            "timeout": "0.00:03:00",
                            "retry": 0,
                            "retryIntervalInSeconds": 30,
                            "secureOutput": false,
                            "secureInput": false
                        },
                        "userProperties": [],
                        "typeProperties": {
                            "dataset": {
                                "referenceName": "ds_population_raw_gz",
                                "type": "DatasetReference",
                                "parameters": {}
                            },
                            "fieldList": [
                                "columnCount",
                                "exists",
                                "size"
                            ],
                            "storeSettings": {
                                "type": "AzureBlobStorageReadSettings",
                                "recursive": true,
                                "enablePartitionDiscovery": false
                            },
                            "formatSettings": {
                                "type": "DelimitedTextReadSettings"
                            }
                        }
                    },
                    {
                        "name": "If columns count matches",
                        "type": "IfCondition",
                        "dependsOn": [
                            {
                                "activity": "Get File Metadata",
                                "dependencyConditions": [
                                    "Succeeded"
                                ]
                            }
                        ],
                        "userProperties": [],
                        "typeProperties": {
                            "expression": {
                                "value": "@equals(activity('Get File Metadata').output.ColumnCount, 13)",
                                "type": "Expression"
                            },
                            "ifFalseActivities": [
                                {
                                    "name": "Send Mail",
                                    "type": "WebActivity",
                                    "dependsOn": [],
                                    "policy": {
                                        "timeout": "7.00:00:00",
                                        "retry": 0,
                                        "retryIntervalInSeconds": 30,
                                        "secureOutput": false,
                                        "secureInput": false
                                    },
                                    "userProperties": [],
                                    "typeProperties": {
                                        "url": "https://file_unconsistant",
                                        "method": "POST",
                                        "headers": {},
                                        "body": "foo"
                                    }
                                }
                            ],
                            "ifTrueActivities": [
                                {
                                    "name": "Copy Population Data",
                                    "type": "Copy",
                                    "dependsOn": [],
                                    "policy": {
                                        "timeout": "0.00:05:00",
                                        "retry": 0,
                                        "retryIntervalInSeconds": 30,
                                        "secureOutput": false,
                                        "secureInput": false
                                    },
                                    "userProperties": [],
                                    "typeProperties": {
                                        "source": {
                                            "type": "DelimitedTextSource",
                                            "storeSettings": {
                                                "type": "AzureBlobStorageReadSettings",
                                                "recursive": true,
                                                "enablePartitionDiscovery": false
                                            },
                                            "formatSettings": {
                                                "type": "DelimitedTextReadSettings"
                                            }
                                        },
                                        "sink": {
                                            "type": "DelimitedTextSink",
                                            "storeSettings": {
                                                "type": "AzureBlobFSWriteSettings"
                                            },
                                            "formatSettings": {
                                                "type": "DelimitedTextWriteSettings",
                                                "quoteAllText": true,
                                                "fileExtension": ".txt"
                                            }
                                        },
                                        "enableStaging": false,
                                        "translator": {
                                            "type": "TabularTranslator",
                                            "typeConversion": true,
                                            "typeConversionSettings": {
                                                "allowDataTruncation": true,
                                                "treatBooleanAsNumber": false
                                            }
                                        }
                                    },
                                    "inputs": [
                                        {
                                            "referenceName": "ds_population_raw_gz",
                                            "type": "DatasetReference",
                                            "parameters": {}
                                        }
                                    ],
                                    "outputs": [
                                        {
                                            "referenceName": "ds_population_raw_tsw",
                                            "type": "DatasetReference",
                                            "parameters": {}
                                        }
                                    ]
                                },
                                {
                                    "name": "Delete Sourse FIle",
                                    "type": "Delete",
                                    "dependsOn": [
                                        {
                                            "activity": "Copy Population Data",
                                            "dependencyConditions": [
                                                "Succeeded"
                                            ]
                                        }
                                    ],
                                    "policy": {
                                        "timeout": "7.00:00:00",
                                        "retry": 0,
                                        "retryIntervalInSeconds": 30,
                                        "secureOutput": false,
                                        "secureInput": false
                                    },
                                    "userProperties": [],
                                    "typeProperties": {
                                        "dataset": {
                                            "referenceName": "ds_population_raw_gz",
                                            "type": "DatasetReference",
                                            "parameters": {}
                                        },
                                        "enableLogging": false,
                                        "storeSettings": {
                                            "type": "AzureBlobStorageReadSettings",
                                            "recursive": true,
                                            "enablePartitionDiscovery": false
                                        }
                                    }
                                }
                            ]
                        }
                    }
                ],
                "folder": {
                    "name": "Inject"
                },
                "annotations": [],
                "lastPublishTime": "2021-07-25T17:30:12Z"
            },
            "dependsOn": [
                "[concat(variables('factoryId'), '/datasets/ds_population_raw_gz')]",
                "[concat(variables('factoryId'), '/datasets/ds_population_raw_tsw')]"
            ]
        },
        {
            "name": "[concat(parameters('factoryName'), '/pl_inject_ecds_data')]",
            "type": "Microsoft.DataFactory/factories/pipelines",
            "apiVersion": "2018-06-01",
            "properties": {
                "activities": [
                    {
                        "name": "Lookup ECDC filelist",
                        "type": "Lookup",
                        "dependsOn": [],
                        "policy": {
                            "timeout": "7.00:00:00",
                            "retry": 0,
                            "retryIntervalInSeconds": 30,
                            "secureOutput": false,
                            "secureInput": false
                        },
                        "userProperties": [],
                        "typeProperties": {
                            "source": {
                                "type": "JsonSource",
                                "storeSettings": {
                                    "type": "AzureBlobStorageReadSettings",
                                    "recursive": true,
                                    "enablePartitionDiscovery": false
                                },
                                "formatSettings": {
                                    "type": "JsonReadSettings"
                                }
                            },
                            "dataset": {
                                "referenceName": "ds_ecdc_file_list",
                                "type": "DatasetReference",
                                "parameters": {}
                            },
                            "firstRowOnly": false
                        }
                    },
                    {
                        "name": "Execute copy for every record",
                        "type": "ForEach",
                        "dependsOn": [
                            {
                                "activity": "Lookup ECDC filelist",
                                "dependencyConditions": [
                                    "Succeeded"
                                ]
                            }
                        ],
                        "userProperties": [],
                        "typeProperties": {
                            "items": {
                                "value": "@activity('Lookup ECDC filelist').output.value",
                                "type": "Expression"
                            },
                            "activities": [
                                {
                                    "name": "copy_ecdc_data",
                                    "type": "Copy",
                                    "dependsOn": [],
                                    "policy": {
                                        "timeout": "7.00:00:00",
                                        "retry": 0,
                                        "retryIntervalInSeconds": 30,
                                        "secureOutput": false,
                                        "secureInput": false
                                    },
                                    "userProperties": [],
                                    "typeProperties": {
                                        "source": {
                                            "type": "DelimitedTextSource",
                                            "storeSettings": {
                                                "type": "HttpReadSettings",
                                                "requestMethod": "GET"
                                            },
                                            "formatSettings": {
                                                "type": "DelimitedTextReadSettings"
                                            }
                                        },
                                        "sink": {
                                            "type": "DelimitedTextSink",
                                            "storeSettings": {
                                                "type": "AzureBlobFSWriteSettings"
                                            },
                                            "formatSettings": {
                                                "type": "DelimitedTextWriteSettings",
                                                "quoteAllText": true,
                                                "fileExtension": ".txt"
                                            }
                                        },
                                        "enableStaging": false,
                                        "translator": {
                                            "type": "TabularTranslator",
                                            "typeConversion": true,
                                            "typeConversionSettings": {
                                                "allowDataTruncation": true,
                                                "treatBooleanAsNumber": false
                                            }
                                        }
                                    },
                                    "inputs": [
                                        {
                                            "referenceName": "ds_ecdc_raw_csv_http",
                                            "type": "DatasetReference",
                                            "parameters": {
                                                "relativeURL": {
                                                    "value": "@item().sourceRelativeURL",
                                                    "type": "Expression"
                                                },
                                                "baseURL": {
                                                    "value": "@item().sourceBaseURL",
                                                    "type": "Expression"
                                                }
                                            }
                                        }
                                    ],
                                    "outputs": [
                                        {
                                            "referenceName": "ds_ecdc_raw_csv_dl",
                                            "type": "DatasetReference",
                                            "parameters": {
                                                "fileName": {
                                                    "value": "@item().sinkFileName",
                                                    "type": "Expression"
                                                }
                                            }
                                        }
                                    ]
                                }
                            ]
                        }
                    }
                ],
                "folder": {
                    "name": "Inject"
                },
                "annotations": [],
                "lastPublishTime": "2021-07-25T17:30:13Z"
            },
            "dependsOn": [
                "[concat(variables('factoryId'), '/datasets/ds_ecdc_file_list')]",
                "[concat(variables('factoryId'), '/datasets/ds_ecdc_raw_csv_http')]",
                "[concat(variables('factoryId'), '/datasets/ds_ecdc_raw_csv_dl')]"
            ]
        },
        {
            "name": "[concat(parameters('factoryName'), '/pl_process_cases_and_deaths_data')]",
            "type": "Microsoft.DataFactory/factories/pipelines",
            "apiVersion": "2018-06-01",
            "properties": {
                "activities": [
                    {
                        "name": "df_transform_cases_deaths",
                        "type": "ExecuteDataFlow",
                        "dependsOn": [],
                        "policy": {
                            "timeout": "1.00:00:00",
                            "retry": 0,
                            "retryIntervalInSeconds": 30,
                            "secureOutput": false,
                            "secureInput": false
                        },
                        "userProperties": [],
                        "typeProperties": {
                            "dataflow": {
                                "referenceName": "df_transform_cases_deaths",
                                "type": "DataFlowReference",
                                "parameters": {},
                                "datasetParameters": {
                                    "CasesAndDeathsSourse": {},
                                    "CountryLookup": {},
                                    "CasesAndDeathsSink": {}
                                }
                            },
                            "staging": {},
                            "compute": {
                                "coreCount": 8,
                                "computeType": "General"
                            },
                            "traceLevel": "Fine"
                        }
                    }
                ],
                "folder": {
                    "name": "Process"
                },
                "annotations": [],
                "lastPublishTime": "2021-07-25T17:30:12Z"
            },
            "dependsOn": [
                "[concat(variables('factoryId'), '/dataflows/df_transform_cases_deaths')]"
            ]
        },
        {
            "name": "[concat(parameters('factoryName'), '/pl_process_hospitals_occupation')]",
            "type": "Microsoft.DataFactory/factories/pipelines",
            "apiVersion": "2018-06-01",
            "properties": {
                "activities": [
                    {
                        "name": "df_transform_hospitals_occupation",
                        "type": "ExecuteDataFlow",
                        "dependsOn": [],
                        "policy": {
                            "timeout": "1.00:00:00",
                            "retry": 0,
                            "retryIntervalInSeconds": 30,
                            "secureOutput": false,
                            "secureInput": false
                        },
                        "userProperties": [],
                        "typeProperties": {
                            "dataflow": {
                                "referenceName": "df_transform_hospitals_occupation",
                                "type": "DataFlowReference",
                                "parameters": {},
                                "datasetParameters": {
                                    "HospitalAdmissionsSource": {},
                                    "CountryLookup": {},
                                    "DimDateSource": {},
                                    "DailyOccupationSink": {},
                                    "WeeklyOccupationSink": {}
                                }
                            },
                            "staging": {},
                            "compute": {
                                "coreCount": 8,
                                "computeType": "General"
                            },
                            "traceLevel": "Fine"
                        }
                    }
                ],
                "folder": {
                    "name": "Process"
                },
                "annotations": [],
                "lastPublishTime": "2021-07-25T17:30:11Z"
            },
            "dependsOn": [
                "[concat(variables('factoryId'), '/dataflows/df_transform_hospitals_occupation')]"
            ]
        },
        {
            "name": "[concat(parameters('factoryName'), '/pl_process_population_data')]",
            "type": "Microsoft.DataFactory/factories/pipelines",
            "apiVersion": "2018-06-01",
            "properties": {
                "activities": [
                    {
                        "name": "Execute population transformation",
                        "type": "DatabricksNotebook",
                        "dependsOn": [],
                        "policy": {
                            "timeout": "7.00:00:00",
                            "retry": 0,
                            "retryIntervalInSeconds": 30,
                            "secureOutput": false,
                            "secureInput": false
                        },
                        "userProperties": [],
                        "typeProperties": {
                            "notebookPath": "/covid/transformation/transform_population_data"
                        },
                        "linkedServiceName": {
                            "referenceName": "ls_db_covidcluster",
                            "type": "LinkedServiceReference"
                        }
                    }
                ],
                "folder": {
                    "name": "Process"
                },
                "annotations": [],
                "lastPublishTime": "2021-07-25T17:30:11Z"
            },
            "dependsOn": [
                "[concat(variables('factoryId'), '/linkedServices/ls_db_covidcluster')]"
            ]
        },
        {
            "name": "[concat(parameters('factoryName'), '/pl_proceed_cases_to_db')]",
            "type": "Microsoft.DataFactory/factories/pipelines",
            "apiVersion": "2018-06-01",
            "properties": {
                "activities": [
                    {
                        "name": "df_transform_prepared_cases_for_db",
                        "type": "ExecuteDataFlow",
                        "dependsOn": [],
                        "policy": {
                            "timeout": "1.00:00:00",
                            "retry": 0,
                            "retryIntervalInSeconds": 30,
                            "secureOutput": false,
                            "secureInput": false
                        },
                        "userProperties": [],
                        "typeProperties": {
                            "dataflow": {
                                "referenceName": "df_transform_prepared_cases_for_db",
                                "type": "DataFlowReference",
                                "parameters": {},
                                "datasetParameters": {
                                    "SelectCases": {},
                                    "SinkToDb": {}
                                }
                            },
                            "staging": {},
                            "compute": {
                                "coreCount": 8,
                                "computeType": "General"
                            },
                            "traceLevel": "Fine"
                        }
                    }
                ],
                "folder": {
                    "name": "Sqlize"
                },
                "annotations": [],
                "lastPublishTime": "2021-07-25T17:30:11Z"
            },
            "dependsOn": [
                "[concat(variables('factoryId'), '/dataflows/df_transform_prepared_cases_for_db')]"
            ]
        },
        {
            "name": "[concat(parameters('factoryName'), '/pl_proceed_hospital_adm_toDB')]",
            "type": "Microsoft.DataFactory/factories/pipelines",
            "apiVersion": "2018-06-01",
            "properties": {
                "activities": [
                    {
                        "name": "Copy data1",
                        "type": "Copy",
                        "dependsOn": [],
                        "policy": {
                            "timeout": "7.00:00:00",
                            "retry": 0,
                            "retryIntervalInSeconds": 30,
                            "secureOutput": false,
                            "secureInput": false
                        },
                        "userProperties": [],
                        "typeProperties": {
                            "source": {
                                "type": "DelimitedTextSource",
                                "storeSettings": {
                                    "type": "AzureBlobFSReadSettings",
                                    "recursive": true,
                                    "wildcardFolderPath": "ecdc/hospital_save/",
                                    "wildcardFileName": "*",
                                    "enablePartitionDiscovery": false
                                },
                                "formatSettings": {
                                    "type": "DelimitedTextReadSettings"
                                }
                            },
                            "sink": {
                                "type": "AzureSqlSink",
                                "preCopyScript": "truncate table covid_reporting.hospital_admissions_daily",
                                "writeBehavior": "insert",
                                "disableMetricsCollection": false
                            },
                            "enableStaging": false,
                            "translator": {
                                "type": "TabularTranslator",
                                "mappings": [
                                    {
                                        "source": {
                                            "name": "country",
                                            "type": "String",
                                            "physicalType": "String"
                                        },
                                        "sink": {
                                            "name": "country",
                                            "type": "String",
                                            "physicalType": "varchar"
                                        }
                                    },
                                    {
                                        "source": {
                                            "name": "country_code_2_digit",
                                            "type": "String",
                                            "physicalType": "String"
                                        },
                                        "sink": {
                                            "name": "country_code_2_digit",
                                            "type": "String",
                                            "physicalType": "varchar"
                                        }
                                    },
                                    {
                                        "source": {
                                            "name": "country_code_3_digit",
                                            "type": "String",
                                            "physicalType": "String"
                                        },
                                        "sink": {
                                            "name": "country_code_3_digit",
                                            "type": "String",
                                            "physicalType": "varchar"
                                        }
                                    },
                                    {
                                        "source": {
                                            "name": "population",
                                            "type": "String",
                                            "physicalType": "String"
                                        },
                                        "sink": {
                                            "name": "population",
                                            "type": "Int64",
                                            "physicalType": "bigint"
                                        }
                                    },
                                    {
                                        "source": {
                                            "name": "reported_date",
                                            "type": "String",
                                            "physicalType": "String"
                                        },
                                        "sink": {
                                            "name": "reported_date",
                                            "type": "DateTime",
                                            "physicalType": "date"
                                        }
                                    },
                                    {
                                        "source": {
                                            "name": "count_Daily hospital occupancy",
                                            "type": "String",
                                            "physicalType": "String"
                                        },
                                        "sink": {
                                            "name": "hospital_occupancy_count",
                                            "type": "Int64",
                                            "physicalType": "bigint"
                                        }
                                    },
                                    {
                                        "source": {
                                            "name": "count_Daily ICU occupancy",
                                            "type": "String",
                                            "physicalType": "String"
                                        },
                                        "sink": {
                                            "name": "icu_occupancy_count",
                                            "type": "Int64",
                                            "physicalType": "bigint"
                                        }
                                    }
                                ],
                                "typeConversion": true,
                                "typeConversionSettings": {
                                    "allowDataTruncation": true,
                                    "treatBooleanAsNumber": false
                                }
                            }
                        },
                        "inputs": [
                            {
                                "referenceName": "ds_proceed_hospital_daily_occupation",
                                "type": "DatasetReference",
                                "parameters": {}
                            }
                        ],
                        "outputs": [
                            {
                                "referenceName": "ds_sql_hosp_admissions",
                                "type": "DatasetReference",
                                "parameters": {}
                            }
                        ]
                    }
                ],
                "folder": {
                    "name": "Sqlize"
                },
                "annotations": [],
                "lastPublishTime": "2021-07-25T17:30:12Z"
            },
            "dependsOn": [
                "[concat(variables('factoryId'), '/datasets/ds_proceed_hospital_daily_occupation')]",
                "[concat(variables('factoryId'), '/datasets/ds_sql_hosp_admissions')]"
            ]
        },
        {
            "name": "[concat(parameters('factoryName'), '/pl_execute_population_pipelines')]",
            "type": "Microsoft.DataFactory/factories/pipelines",
            "apiVersion": "2018-06-01",
            "properties": {
                "activities": [
                    {
                        "name": "Execute inject population data",
                        "type": "ExecutePipeline",
                        "dependsOn": [],
                        "userProperties": [],
                        "typeProperties": {
                            "pipeline": {
                                "referenceName": "pl_inject_population_data",
                                "type": "PipelineReference"
                            },
                            "waitOnCompletion": true,
                            "parameters": {}
                        }
                    },
                    {
                        "name": "Execute Process population data",
                        "type": "ExecutePipeline",
                        "dependsOn": [
                            {
                                "activity": "Execute inject population data",
                                "dependencyConditions": [
                                    "Succeeded"
                                ]
                            }
                        ],
                        "userProperties": [],
                        "typeProperties": {
                            "pipeline": {
                                "referenceName": "pl_process_population_data",
                                "type": "PipelineReference"
                            },
                            "waitOnCompletion": true,
                            "parameters": {}
                        }
                    }
                ],
                "folder": {
                    "name": "Execute"
                },
                "annotations": [],
                "lastPublishTime": "2021-07-25T17:30:13Z"
            },
            "dependsOn": [
                "[concat(variables('factoryId'), '/pipelines/pl_inject_population_data')]",
                "[concat(variables('factoryId'), '/pipelines/pl_process_population_data')]"
            ]
        },
        {
            "name": "[concat(parameters('factoryName'), '/df_transform_cases_deaths')]",
            "type": "Microsoft.DataFactory/factories/dataflows",
            "apiVersion": "2018-06-01",
            "properties": {
                "type": "MappingDataFlow",
                "typeProperties": {
                    "sources": [
                        {
                            "dataset": {
                                "referenceName": "ds_raw_cases_and_deaths",
                                "type": "DatasetReference"
                            },
                            "name": "CasesAndDeathsSourse"
                        },
                        {
                            "dataset": {
                                "referenceName": "ds_country_lookup",
                                "type": "DatasetReference"
                            },
                            "name": "CountryLookup"
                        }
                    ],
                    "sinks": [
                        {
                            "dataset": {
                                "referenceName": "ds_processed_cases_and_deaths",
                                "type": "DatasetReference"
                            },
                            "name": "CasesAndDeathsSink"
                        }
                    ],
                    "transformations": [
                        {
                            "name": "FilterEuropeOnly"
                        },
                        {
                            "name": "SelectOnlyRequiredFields"
                        },
                        {
                            "name": "PivotCounts"
                        },
                        {
                            "name": "LookupCountry"
                        },
                        {
                            "name": "SelectForSink"
                        }
                    ],
                    "script": "source(output(\n\t\tcountry as string,\n\t\tcountry_code as string,\n\t\tcontinent as string,\n\t\tpopulation as integer,\n\t\tindicator as string,\n\t\tdaily_count as integer,\n\t\tdate as date,\n\t\trate_14_day as double,\n\t\tsource as string\n\t),\n\tallowSchemaDrift: true,\n\tvalidateSchema: false,\n\tignoreNoFilesFound: false) ~> CasesAndDeathsSourse\nsource(output(\n\t\tcountry as string,\n\t\tcountry_code_2_digit as string,\n\t\tcountry_code_3_digit as string,\n\t\tcontinent as string,\n\t\tpopulation as integer\n\t),\n\tallowSchemaDrift: true,\n\tvalidateSchema: false,\n\tignoreNoFilesFound: false) ~> CountryLookup\nCasesAndDeathsSourse filter(continent == 'Europe' && not(isNull(country_code))) ~> FilterEuropeOnly\nFilterEuropeOnly select(mapColumn(\n\t\tcountry,\n\t\tcountry_code,\n\t\tpopulation,\n\t\tindicator,\n\t\tdaily_count,\n\t\tsource,\n\t\teach(match(name=='date'),\n\t\t\t'reported_date' = $$)\n\t),\n\tskipDuplicateMapInputs: true,\n\tskipDuplicateMapOutputs: true) ~> SelectOnlyRequiredFields\nSelectOnlyRequiredFields pivot(groupBy(country,\n\t\tcountry_code,\n\t\tpopulation,\n\t\tsource,\n\t\treported_date),\n\tpivotBy(indicator, ['confirmed cases', 'deaths']),\n\tcount = sum(daily_count),\n\tcolumnNaming: '$N_$V',\n\tlateral: true) ~> PivotCounts\nPivotCounts, CountryLookup lookup(PivotCounts@country == CountryLookup@country,\n\tmultiple: false,\n\tpickup: 'any',\n\tbroadcast: 'auto')~> LookupCountry\nLookupCountry select(mapColumn(\n\t\tcountry = PivotCounts@country,\n\t\tcountry_code_2_digit,\n\t\tcountry_code_3_digit,\n\t\tpopulation = PivotCounts@population,\n\t\tcount_confirmed_cases = {count_confirmed cases},\n\t\tcount_deaths,\n\t\treported_date,\n\t\tsource\n\t),\n\tskipDuplicateMapInputs: true,\n\tskipDuplicateMapOutputs: true) ~> SelectForSink\nSelectForSink sink(allowSchemaDrift: true,\n\tvalidateSchema: false,\n\ttruncate: true,\n\tumask: 0022,\n\tskipDuplicateMapInputs: true,\n\tskipDuplicateMapOutputs: true) ~> CasesAndDeathsSink"
                }
            },
            "dependsOn": [
                "[concat(variables('factoryId'), '/datasets/ds_raw_cases_and_deaths')]",
                "[concat(variables('factoryId'), '/datasets/ds_country_lookup')]",
                "[concat(variables('factoryId'), '/datasets/ds_processed_cases_and_deaths')]"
            ]
        },
        {
            "name": "[concat(parameters('factoryName'), '/df_transform_hospitals_occupation')]",
            "type": "Microsoft.DataFactory/factories/dataflows",
            "apiVersion": "2018-06-01",
            "properties": {
                "type": "MappingDataFlow",
                "typeProperties": {
                    "sources": [
                        {
                            "dataset": {
                                "referenceName": "ds_raw_hospital_admissions_raw_dl",
                                "type": "DatasetReference"
                            },
                            "name": "HospitalAdmissionsSource"
                        },
                        {
                            "dataset": {
                                "referenceName": "ds_country_lookup",
                                "type": "DatasetReference"
                            },
                            "name": "CountryLookup"
                        },
                        {
                            "dataset": {
                                "referenceName": "ds_dimdate_lookup",
                                "type": "DatasetReference"
                            },
                            "name": "DimDateSource"
                        }
                    ],
                    "sinks": [
                        {
                            "dataset": {
                                "referenceName": "ds_proceed_hospital_daily_occupation",
                                "type": "DatasetReference"
                            },
                            "name": "DailyOccupationSink"
                        },
                        {
                            "dataset": {
                                "referenceName": "ds_proceed_weelky_hospital_occupation",
                                "type": "DatasetReference"
                            },
                            "name": "WeeklyOccupationSink"
                        }
                    ],
                    "transformations": [
                        {
                            "name": "SelectOnlyRequiredFields"
                        },
                        {
                            "name": "LookupCountry"
                        },
                        {
                            "name": "DeleteUnnecessaryFields"
                        },
                        {
                            "name": "SplitDailyFromWeekly"
                        },
                        {
                            "name": "AggrDimDate"
                        },
                        {
                            "name": "JoinWithDate"
                        },
                        {
                            "name": "PivotWeekly"
                        },
                        {
                            "name": "PivotDaily"
                        },
                        {
                            "name": "WeeklySortByWeekCountry"
                        },
                        {
                            "name": "DailySortbyDayCountry"
                        }
                    ],
                    "script": "source(output(\n\t\tcountry as string,\n\t\tindicator as string,\n\t\tdate as date,\n\t\tyear_week as string,\n\t\tvalue as integer,\n\t\tsource as string,\n\t\turl as string\n\t),\n\tallowSchemaDrift: true,\n\tvalidateSchema: false,\n\tignoreNoFilesFound: false) ~> HospitalAdmissionsSource\nsource(output(\n\t\tcountry as string,\n\t\tcountry_code_2_digit as string,\n\t\tcountry_code_3_digit as string,\n\t\tcontinent as string,\n\t\tpopulation as string\n\t),\n\tallowSchemaDrift: true,\n\tvalidateSchema: false,\n\tignoreNoFilesFound: false) ~> CountryLookup\nsource(output(\n\t\tdate_key as string,\n\t\tdate as string,\n\t\tyear as string,\n\t\tmonth as string,\n\t\tday as string,\n\t\tday_name as string,\n\t\tday_of_year as string,\n\t\tweek_of_month as string,\n\t\tweek_of_year as string,\n\t\tmonth_name as string,\n\t\tyear_month as string,\n\t\tyear_week as string\n\t),\n\tallowSchemaDrift: true,\n\tvalidateSchema: false,\n\tignoreNoFilesFound: false) ~> DimDateSource\nHospitalAdmissionsSource select(mapColumn(\n\t\tcountry,\n\t\tindicator,\n\t\treported_date = date,\n\t\treported_year_week = year_week,\n\t\tvalue,\n\t\tsource\n\t),\n\tskipDuplicateMapInputs: true,\n\tskipDuplicateMapOutputs: true) ~> SelectOnlyRequiredFields\nSelectOnlyRequiredFields, CountryLookup lookup(SelectOnlyRequiredFields@country == CountryLookup@country,\n\tmultiple: false,\n\tpickup: 'any',\n\tbroadcast: 'auto')~> LookupCountry\nLookupCountry select(mapColumn(\n\t\tcountry = SelectOnlyRequiredFields@country,\n\t\tcountry_code_2_digit,\n\t\tcountry_code_3_digit,\n\t\tpopulation,\n\t\tindicator,\n\t\treported_date,\n\t\treported_year_week,\n\t\tvalue,\n\t\tsource\n\t),\n\tskipDuplicateMapInputs: true,\n\tskipDuplicateMapOutputs: true) ~> DeleteUnnecessaryFields\nDeleteUnnecessaryFields split(indicator == 'Daily hospital occupancy' || indicator == 'Daily ICU occupancy',\n\tdisjoint: false) ~> SplitDailyFromWeekly@(HospitalAdmissionsPerDay, HospitalAdmissionsPerWeek)\nDimDateSource aggregate(groupBy(ecdc_year_week = year+'-W'+lpad(week_of_year,2,'0')),\n\tweek_start_date = min(date),\n\t\tweek_end_date = max(date)) ~> AggrDimDate\nSplitDailyFromWeekly@HospitalAdmissionsPerWeek, AggrDimDate join(reported_year_week == ecdc_year_week,\n\tjoinType:'inner',\n\tbroadcast: 'auto')~> JoinWithDate\nJoinWithDate pivot(groupBy(country,\n\t\tcountry_code_2_digit,\n\t\tcountry_code_3_digit,\n\t\tpopulation,\n\t\treported_year_week,\n\t\tweek_start_date,\n\t\tweek_end_date,\n\t\tsource),\n\tpivotBy(indicator, ['Weekly new hospital admissions per 100k', 'Weekly new ICU admissions per 100k']),\n\tcount = sum(value),\n\tcolumnNaming: '$V_$N',\n\tlateral: true) ~> PivotWeekly\nSplitDailyFromWeekly@HospitalAdmissionsPerDay pivot(groupBy(country,\n\t\tcountry_code_2_digit,\n\t\tcountry_code_3_digit,\n\t\tpopulation,\n\t\treported_date,\n\t\tsource),\n\tpivotBy(indicator, ['Daily ICU occupancy', 'Daily hospital occupancy']),\n\tcount = sum(value),\n\tcolumnNaming: '$N_$V',\n\tlateral: true) ~> PivotDaily\nPivotWeekly sort(desc(reported_year_week, true),\n\tasc(country, true)) ~> WeeklySortByWeekCountry\nPivotDaily sort(desc(reported_date, true),\n\tasc(country, true)) ~> DailySortbyDayCountry\nDailySortbyDayCountry sink(allowSchemaDrift: true,\n\tvalidateSchema: false,\n\tinput(\n\t\tColumn_1 as string,\n\t\tColumn_2 as string,\n\t\tColumn_3 as string,\n\t\tColumn_4 as string,\n\t\tColumn_5 as string\n\t),\n\ttruncate: true,\n\tumask: 0022,\n\tskipDuplicateMapInputs: true,\n\tskipDuplicateMapOutputs: true) ~> DailyOccupationSink\nWeeklySortByWeekCountry sink(allowSchemaDrift: true,\n\tvalidateSchema: false,\n\ttruncate: true,\n\tumask: 0022,\n\tskipDuplicateMapInputs: true,\n\tskipDuplicateMapOutputs: true) ~> WeeklyOccupationSink"
                }
            },
            "dependsOn": [
                "[concat(variables('factoryId'), '/datasets/ds_raw_hospital_admissions_raw_dl')]",
                "[concat(variables('factoryId'), '/datasets/ds_country_lookup')]",
                "[concat(variables('factoryId'), '/datasets/ds_dimdate_lookup')]",
                "[concat(variables('factoryId'), '/datasets/ds_proceed_hospital_daily_occupation')]",
                "[concat(variables('factoryId'), '/datasets/ds_proceed_weelky_hospital_occupation')]"
            ]
        },
        {
            "name": "[concat(parameters('factoryName'), '/df_transform_prepared_cases_for_db')]",
            "type": "Microsoft.DataFactory/factories/dataflows",
            "apiVersion": "2018-06-01",
            "properties": {
                "type": "MappingDataFlow",
                "typeProperties": {
                    "sources": [
                        {
                            "dataset": {
                                "referenceName": "ds_processed_cases_and_deaths",
                                "type": "DatasetReference"
                            },
                            "name": "SelectCases"
                        }
                    ],
                    "sinks": [
                        {
                            "dataset": {
                                "referenceName": "ds_sql_cases_deaths",
                                "type": "DatasetReference"
                            },
                            "name": "SinkToDb"
                        }
                    ],
                    "transformations": [
                        {
                            "name": "RenameColumns"
                        }
                    ],
                    "script": "source(output(\n\t\tcountry as string,\n\t\tcountry_code_2_digit as string,\n\t\tcountry_code_3_digit as string,\n\t\tpopulation as integer,\n\t\tcount_confirmed_cases as short,\n\t\tcount_deaths as short,\n\t\treported_date as date,\n\t\tsource as string\n\t),\n\tallowSchemaDrift: true,\n\tvalidateSchema: false,\n\tlimit: 100,\n\tignoreNoFilesFound: false) ~> SelectCases\nSelectCases select(mapColumn(\n\t\tcountry,\n\t\tcountry_code_2_digit,\n\t\tcountry_code_3_digit,\n\t\tpopulation,\n\t\tcases_count = count_confirmed_cases,\n\t\tdeaths_count = count_deaths,\n\t\treported_date,\n\t\tsource\n\t),\n\tskipDuplicateMapInputs: true,\n\tskipDuplicateMapOutputs: true) ~> RenameColumns\nRenameColumns sink(allowSchemaDrift: true,\n\tvalidateSchema: false,\n\tinput(\n\t\tcountry as string,\n\t\tcountry_code_2_digit as string,\n\t\tcountry_code_3_digit as string,\n\t\tpopulation as long,\n\t\tcases_count as long,\n\t\tdeaths_count as long,\n\t\treported_date as date,\n\t\tsource as string\n\t),\n\tdeletable:false,\n\tinsertable:true,\n\tupdateable:false,\n\tupsertable:false,\n\tformat: 'table',\n\tpreSQLs:['truncate table covid_reporting.cases_and_deaths'],\n\tskipDuplicateMapInputs: true,\n\tskipDuplicateMapOutputs: true,\n\terrorHandlingOption: 'stopOnFirstError') ~> SinkToDb"
                }
            },
            "dependsOn": [
                "[concat(variables('factoryId'), '/datasets/ds_processed_cases_and_deaths')]",
                "[concat(variables('factoryId'), '/datasets/ds_sql_cases_deaths')]"
            ]
        },
        {
            "name": "[concat(parameters('factoryName'), '/ds_population_raw_gz')]",
            "type": "Microsoft.DataFactory/factories/datasets",
            "apiVersion": "2018-06-01",
            "properties": {
                "linkedServiceName": {
                    "referenceName": "ls_azblob_covidreportsa",
                    "type": "LinkedServiceReference"
                },
                "folder": {
                    "name": "Raw"
                },
                "annotations": [],
                "type": "DelimitedText",
                "typeProperties": {
                    "location": {
                        "type": "AzureBlobStorageLocation",
                        "fileName": "population_by_age.tsv.gz",
                        "container": "popilation"
                    },
                    "columnDelimiter": "\t",
                    "compressionCodec": "gzip",
                    "compressionLevel": "Optimal",
                    "escapeChar": "\\",
                    "firstRowAsHeader": true,
                    "quoteChar": "\""
                },
                "schema": []
            },
            "dependsOn": [
                "[concat(variables('factoryId'), '/linkedServices/ls_azblob_covidreportsa')]"
            ]
        },
        {
            "name": "[concat(parameters('factoryName'), '/ds_population_raw_tsw')]",
            "type": "Microsoft.DataFactory/factories/datasets",
            "apiVersion": "2018-06-01",
            "properties": {
                "linkedServiceName": {
                    "referenceName": "ls_lake2_covidreportdl",
                    "type": "LinkedServiceReference"
                },
                "folder": {
                    "name": "Raw"
                },
                "annotations": [],
                "type": "DelimitedText",
                "typeProperties": {
                    "location": {
                        "type": "AzureBlobFSLocation",
                        "fileName": "population_by_age.tsv",
                        "folderPath": "population",
                        "fileSystem": "raw"
                    },
                    "columnDelimiter": "\t",
                    "escapeChar": "\\",
                    "firstRowAsHeader": true,
                    "quoteChar": "\""
                },
                "schema": []
            },
            "dependsOn": [
                "[concat(variables('factoryId'), '/linkedServices/ls_lake2_covidreportdl')]"
            ]
        },
        {
            "name": "[concat(parameters('factoryName'), '/ds_ecdc_raw_csv_dl')]",
            "type": "Microsoft.DataFactory/factories/datasets",
            "apiVersion": "2018-06-01",
            "properties": {
                "linkedServiceName": {
                    "referenceName": "ls_lake2_covidreportdl",
                    "type": "LinkedServiceReference"
                },
                "parameters": {
                    "fileName": {
                        "type": "string",
                        "defaultValue": "hospital_admissions.csv"
                    }
                },
                "folder": {
                    "name": "Raw"
                },
                "annotations": [],
                "type": "DelimitedText",
                "typeProperties": {
                    "location": {
                        "type": "AzureBlobFSLocation",
                        "fileName": {
                            "value": "@dataset().fileName",
                            "type": "Expression"
                        },
                        "folderPath": "ecdc",
                        "fileSystem": "raw"
                    },
                    "columnDelimiter": ",",
                    "escapeChar": "\\",
                    "firstRowAsHeader": true,
                    "quoteChar": "\""
                },
                "schema": []
            },
            "dependsOn": [
                "[concat(variables('factoryId'), '/linkedServices/ls_lake2_covidreportdl')]"
            ]
        },
        {
            "name": "[concat(parameters('factoryName'), '/ds_ecdc_raw_csv_http')]",
            "type": "Microsoft.DataFactory/factories/datasets",
            "apiVersion": "2018-06-01",
            "properties": {
                "linkedServiceName": {
                    "referenceName": "ls_http_opendata_ecdc",
                    "type": "LinkedServiceReference",
                    "parameters": {
                        "SourceBaseURL": {
                            "value": "@dataset().baseURL",
                            "type": "Expression"
                        }
                    }
                },
                "parameters": {
                    "relativeURL": {
                        "type": "string"
                    },
                    "baseURL": {
                        "type": "string"
                    }
                },
                "folder": {
                    "name": "Raw"
                },
                "annotations": [],
                "type": "DelimitedText",
                "typeProperties": {
                    "location": {
                        "type": "HttpServerLocation",
                        "relativeUrl": {
                            "value": "@dataset().relativeURL",
                            "type": "Expression"
                        }
                    },
                    "columnDelimiter": ",",
                    "escapeChar": "\\",
                    "firstRowAsHeader": true,
                    "quoteChar": "\""
                },
                "schema": []
            },
            "dependsOn": [
                "[concat(variables('factoryId'), '/linkedServices/ls_http_opendata_ecdc')]"
            ]
        },
        {
            "name": "[concat(parameters('factoryName'), '/ds_ecdc_file_list')]",
            "type": "Microsoft.DataFactory/factories/datasets",
            "apiVersion": "2018-06-01",
            "properties": {
                "linkedServiceName": {
                    "referenceName": "ls_azblob_covidreportsa",
                    "type": "LinkedServiceReference"
                },
                "annotations": [],
                "type": "Json",
                "typeProperties": {
                    "location": {
                        "type": "AzureBlobStorageLocation",
                        "fileName": "ecdc_file_list.json",
                        "container": "configs"
                    }
                },
                "schema": {
                    "type": "object",
                    "properties": {
                        "sourceBaseURL": {
                            "type": "string"
                        },
                        "sourceRelativeURL": {
                            "type": "string"
                        },
                        "sinkFileName": {
                            "type": "string"
                        }
                    }
                }
            },
            "dependsOn": [
                "[concat(variables('factoryId'), '/linkedServices/ls_azblob_covidreportsa')]"
            ]
        },
        {
            "name": "[concat(parameters('factoryName'), '/ds_country_lookup')]",
            "type": "Microsoft.DataFactory/factories/datasets",
            "apiVersion": "2018-06-01",
            "properties": {
                "linkedServiceName": {
                    "referenceName": "ls_lake2_covidreportdl",
                    "type": "LinkedServiceReference"
                },
                "folder": {
                    "name": "Lookup"
                },
                "annotations": [],
                "type": "DelimitedText",
                "typeProperties": {
                    "location": {
                        "type": "AzureBlobFSLocation",
                        "fileName": "country_lookup.csv",
                        "folderPath": "country_lookup",
                        "fileSystem": "lookup"
                    },
                    "columnDelimiter": ",",
                    "escapeChar": "\\",
                    "firstRowAsHeader": true,
                    "quoteChar": "\""
                },
                "schema": [
                    {
                        "name": "country",
                        "type": "String"
                    },
                    {
                        "name": "country_code_2_digit",
                        "type": "String"
                    },
                    {
                        "name": "country_code_3_digit",
                        "type": "String"
                    },
                    {
                        "name": "continent",
                        "type": "String"
                    },
                    {
                        "name": "population",
                        "type": "String"
                    }
                ]
            },
            "dependsOn": [
                "[concat(variables('factoryId'), '/linkedServices/ls_lake2_covidreportdl')]"
            ]
        },
        {
            "name": "[concat(parameters('factoryName'), '/ds_raw_cases_and_deaths')]",
            "type": "Microsoft.DataFactory/factories/datasets",
            "apiVersion": "2018-06-01",
            "properties": {
                "linkedServiceName": {
                    "referenceName": "ls_lake2_covidreportdl",
                    "type": "LinkedServiceReference"
                },
                "folder": {
                    "name": "Raw"
                },
                "annotations": [],
                "type": "DelimitedText",
                "typeProperties": {
                    "location": {
                        "type": "AzureBlobFSLocation",
                        "fileName": "cases_deaths.csv",
                        "folderPath": "ecdc/cases_deaths",
                        "fileSystem": "raw"
                    },
                    "columnDelimiter": ",",
                    "escapeChar": "\\",
                    "firstRowAsHeader": true,
                    "quoteChar": "\""
                },
                "schema": [
                    {
                        "name": "country",
                        "type": "String"
                    },
                    {
                        "name": "country_code",
                        "type": "String"
                    },
                    {
                        "name": "continent",
                        "type": "String"
                    },
                    {
                        "name": "population",
                        "type": "String"
                    },
                    {
                        "name": "indicator",
                        "type": "String"
                    },
                    {
                        "name": "daily_count",
                        "type": "String"
                    },
                    {
                        "name": "date",
                        "type": "String"
                    },
                    {
                        "name": "rate_14_day",
                        "type": "String"
                    },
                    {
                        "name": "source",
                        "type": "String"
                    }
                ]
            },
            "dependsOn": [
                "[concat(variables('factoryId'), '/linkedServices/ls_lake2_covidreportdl')]"
            ]
        },
        {
            "name": "[concat(parameters('factoryName'), '/ds_processed_cases_and_deaths')]",
            "type": "Microsoft.DataFactory/factories/datasets",
            "apiVersion": "2018-06-01",
            "properties": {
                "linkedServiceName": {
                    "referenceName": "ls_lake2_covidreportdl",
                    "type": "LinkedServiceReference"
                },
                "folder": {
                    "name": "Processed"
                },
                "annotations": [],
                "type": "DelimitedText",
                "typeProperties": {
                    "location": {
                        "type": "AzureBlobFSLocation",
                        "folderPath": "ecdc/cases_deaths",
                        "fileSystem": "processed"
                    },
                    "columnDelimiter": ",",
                    "escapeChar": "\\",
                    "firstRowAsHeader": true,
                    "quoteChar": "\""
                },
                "schema": []
            },
            "dependsOn": [
                "[concat(variables('factoryId'), '/linkedServices/ls_lake2_covidreportdl')]"
            ]
        },
        {
            "name": "[concat(parameters('factoryName'), '/ds_proceed_weelky_hospital_occupation')]",
            "type": "Microsoft.DataFactory/factories/datasets",
            "apiVersion": "2018-06-01",
            "properties": {
                "linkedServiceName": {
                    "referenceName": "ls_lake2_covidreportdl",
                    "type": "LinkedServiceReference"
                },
                "folder": {
                    "name": "Processed"
                },
                "annotations": [],
                "type": "DelimitedText",
                "typeProperties": {
                    "location": {
                        "type": "AzureBlobFSLocation",
                        "folderPath": "ecdc/hospital_occupation/weekly",
                        "fileSystem": "processed"
                    },
                    "columnDelimiter": ",",
                    "escapeChar": "\\",
                    "firstRowAsHeader": true,
                    "quoteChar": "\""
                },
                "schema": []
            },
            "dependsOn": [
                "[concat(variables('factoryId'), '/linkedServices/ls_lake2_covidreportdl')]"
            ]
        },
        {
            "name": "[concat(parameters('factoryName'), '/ds_dimdate_lookup')]",
            "type": "Microsoft.DataFactory/factories/datasets",
            "apiVersion": "2018-06-01",
            "properties": {
                "linkedServiceName": {
                    "referenceName": "ls_lake2_covidreportdl",
                    "type": "LinkedServiceReference"
                },
                "folder": {
                    "name": "Lookup"
                },
                "annotations": [],
                "type": "DelimitedText",
                "typeProperties": {
                    "location": {
                        "type": "AzureBlobFSLocation",
                        "fileName": "dim_date.csv",
                        "folderPath": "dim_date",
                        "fileSystem": "lookup"
                    },
                    "columnDelimiter": ",",
                    "escapeChar": "\\",
                    "firstRowAsHeader": true,
                    "quoteChar": "\""
                },
                "schema": [
                    {
                        "name": "date_key",
                        "type": "String"
                    },
                    {
                        "name": "date",
                        "type": "String"
                    },
                    {
                        "name": "year",
                        "type": "String"
                    },
                    {
                        "name": "month",
                        "type": "String"
                    },
                    {
                        "name": "day",
                        "type": "String"
                    },
                    {
                        "name": "day_name",
                        "type": "String"
                    },
                    {
                        "name": "day_of_year",
                        "type": "String"
                    },
                    {
                        "name": "week_of_month",
                        "type": "String"
                    },
                    {
                        "name": "week_of_year",
                        "type": "String"
                    },
                    {
                        "name": "month_name",
                        "type": "String"
                    },
                    {
                        "name": "year_month",
                        "type": "String"
                    },
                    {
                        "name": "year_week",
                        "type": "String"
                    }
                ]
            },
            "dependsOn": [
                "[concat(variables('factoryId'), '/linkedServices/ls_lake2_covidreportdl')]"
            ]
        },
        {
            "name": "[concat(parameters('factoryName'), '/ds_proceed_hospital_daily_occupation')]",
            "type": "Microsoft.DataFactory/factories/datasets",
            "apiVersion": "2018-06-01",
            "properties": {
                "linkedServiceName": {
                    "referenceName": "ls_lake2_covidreportdl",
                    "type": "LinkedServiceReference"
                },
                "folder": {
                    "name": "Processed"
                },
                "annotations": [],
                "type": "DelimitedText",
                "typeProperties": {
                    "location": {
                        "type": "AzureBlobFSLocation",
                        "folderPath": "ecdc/hospital_occupation/daily",
                        "fileSystem": "processed"
                    },
                    "columnDelimiter": ",",
                    "escapeChar": "\\",
                    "firstRowAsHeader": true,
                    "quoteChar": "\""
                },
                "schema": [
                    {
                        "type": "String"
                    },
                    {
                        "type": "String"
                    },
                    {
                        "type": "String"
                    },
                    {
                        "type": "String"
                    },
                    {
                        "type": "String"
                    }
                ]
            },
            "dependsOn": [
                "[concat(variables('factoryId'), '/linkedServices/ls_lake2_covidreportdl')]"
            ]
        },
        {
            "name": "[concat(parameters('factoryName'), '/ds_raw_hospital_admissions_raw_dl')]",
            "type": "Microsoft.DataFactory/factories/datasets",
            "apiVersion": "2018-06-01",
            "properties": {
                "linkedServiceName": {
                    "referenceName": "ls_lake2_covidreportdl",
                    "type": "LinkedServiceReference"
                },
                "folder": {
                    "name": "Raw"
                },
                "annotations": [],
                "type": "DelimitedText",
                "typeProperties": {
                    "location": {
                        "type": "AzureBlobFSLocation",
                        "fileName": "hospital_admissions.csv",
                        "folderPath": "ecdc/hospital_admissions",
                        "fileSystem": "raw"
                    },
                    "columnDelimiter": ",",
                    "escapeChar": "\\",
                    "firstRowAsHeader": true,
                    "quoteChar": "\""
                },
                "schema": [
                    {
                        "name": "country",
                        "type": "String"
                    },
                    {
                        "name": "indicator",
                        "type": "String"
                    },
                    {
                        "name": "date",
                        "type": "String"
                    },
                    {
                        "name": "year_week",
                        "type": "String"
                    },
                    {
                        "name": "value",
                        "type": "String"
                    },
                    {
                        "name": "source",
                        "type": "String"
                    },
                    {
                        "name": "url",
                        "type": "String"
                    }
                ]
            },
            "dependsOn": [
                "[concat(variables('factoryId'), '/linkedServices/ls_lake2_covidreportdl')]"
            ]
        },
        {
            "name": "[concat(parameters('factoryName'), '/ds_sql_cases_deaths')]",
            "type": "Microsoft.DataFactory/factories/datasets",
            "apiVersion": "2018-06-01",
            "properties": {
                "linkedServiceName": {
                    "referenceName": "ls_sql_covidDB",
                    "type": "LinkedServiceReference"
                },
                "folder": {
                    "name": "Sql"
                },
                "annotations": [],
                "type": "AzureSqlTable",
                "schema": [
                    {
                        "name": "country",
                        "type": "varchar"
                    },
                    {
                        "name": "country_code_2_digit",
                        "type": "varchar"
                    },
                    {
                        "name": "country_code_3_digit",
                        "type": "varchar"
                    },
                    {
                        "name": "population",
                        "type": "bigint",
                        "precision": 19
                    },
                    {
                        "name": "cases_count",
                        "type": "bigint",
                        "precision": 19
                    },
                    {
                        "name": "deaths_count",
                        "type": "bigint",
                        "precision": 19
                    },
                    {
                        "name": "reported_date",
                        "type": "date"
                    },
                    {
                        "name": "source",
                        "type": "varchar"
                    }
                ],
                "typeProperties": {
                    "schema": "covid_reporting",
                    "table": "cases_and_deaths"
                }
            },
            "dependsOn": [
                "[concat(variables('factoryId'), '/linkedServices/ls_sql_covidDB')]"
            ]
        },
        {
            "name": "[concat(parameters('factoryName'), '/ds_sql_hosp_admissions')]",
            "type": "Microsoft.DataFactory/factories/datasets",
            "apiVersion": "2018-06-01",
            "properties": {
                "linkedServiceName": {
                    "referenceName": "ls_sql_covidDB",
                    "type": "LinkedServiceReference"
                },
                "folder": {
                    "name": "Sql"
                },
                "annotations": [],
                "type": "AzureSqlTable",
                "schema": [
                    {
                        "name": "country",
                        "type": "varchar"
                    },
                    {
                        "name": "country_code_2_digit",
                        "type": "varchar"
                    },
                    {
                        "name": "country_code_3_digit",
                        "type": "varchar"
                    },
                    {
                        "name": "population",
                        "type": "bigint",
                        "precision": 19
                    },
                    {
                        "name": "reported_date",
                        "type": "date"
                    },
                    {
                        "name": "hospital_occupancy_count",
                        "type": "bigint",
                        "precision": 19
                    },
                    {
                        "name": "icu_occupancy_count",
                        "type": "bigint",
                        "precision": 19
                    },
                    {
                        "name": "source",
                        "type": "varchar"
                    }
                ],
                "typeProperties": {
                    "schema": "covid_reporting",
                    "table": "hospital_admissions_daily"
                }
            },
            "dependsOn": [
                "[concat(variables('factoryId'), '/linkedServices/ls_sql_covidDB')]"
            ]
        }
    ]
}